{"IS": {"layer": 6, "cluster": [[7432321740.0], [6167522109.0], [5551467928.0], [2514969442.0], [1042580010.0, 931749218.0, 915045194.0, 910360336.0], [484014708.0, 312106827.0, 304406965.0, 260477815.0, 228769401.0, 196037656.0, 188246330.0, 182687057.0, 124618387.0, 105071824.0, 58522017.0, 58378179.0, 57389046.0, 46110565.0, 44702830.0, 41850608.0, 38570198.0, 29167362.0, 16747909.0, 13742728.0, 10806845.0, 10650500.0, 10359644.0, 9069314.0, 7251826.0, 6100002.0, 3111139.0, 3076673.0, 3062904.0, 2702001.0, 2511547.0, 2370896.0, 728920.0, 583481.0, 419615.0, 419593.0, 348663, 301161.0, 272260.0, 239118.0, 205957.0, 198748.0, 96097.0, 95542.0, 90400.0, 88669.0, 79206.0, 69438.0, 54103.0, 43126.0, 37155.0, 29754.0, 28766.0, 27982.0, 26389.0, 25020, 15922.0, 14991.0, 13373.0, 11000.0, 8873.0, 7428.0, 3010.0, 2789.0, 2140.0, 1884.0, 1200.0, 1051.0, 1001.0, 928.0, 757.0, 729, 588.0, 558, 496.0, 425.0, 370.0, 350.0, 320.0, 181.0, 120.0, 90.0, 56.0, 38.0, 34.0, 33.0, 20.0, 17.0, 15.0, 11.0, 10.0, 6.0, 5.0, 4.0, 3, 3.0, 2.0, 1.0, 1.0, 1.0, 0, 0, 0, 0, 0, 0, 0, 0, 0, 0, 0, 0, 0, 0, 0, 0]]}, "OS": {"layer": 6, "cluster": [[12500215382.0], [3194431766.0, 3029660216.0], [1856874380.0], [806030241.0, 649517901.0, 590830467.0, 589741106.0, 509475972.0, 493080328.0, 485330155.0], [376583193.0, 335570544.0, 327420580.0, 297693395.0, 262719375.0, 250029098.0, 249658712.0, 226384611.0, 220329418.0], [129034408.0, 128050629.0, 107688835.0, 76684876.0, 70267429.0, 57287493.0, 54223746.0, 45109562.0, 43771350.0, 39757630.0, 39649001.0, 39028041.0, 32791825.0, 29491147, 28842156.0, 28150288.0, 24537459.0, 15458355.0, 12858350.0, 9291175.0, 8796767, 8287572.0, 5846977.0, 5552159.0, 4133737.0, 3489971, 3299815.0, 3161316.0, 2949261.0, 2748810.0, 2641094.0, 2337471.0, 2336021.0, 2233887.0, 2048736.0, 1405310.0, 1086358.0, 903635.0, 865983.0, 766473.0, 758274.0, 728820.0, 688927.0, 649498.0, 552695.0, 481520.0, 264477.0, 256318, 163588.0, 155727.0, 84707.0, 31532.0, 25160.0, 13797.0, 3606.0, 2250.0, 1110.0, 1000.0, 723.0, 394.0, 319.0, 315.0, 311.0, 305.0, 194.0, 109.0, 30.0, 16.0, 7.0, 0, 0, 0, 0, 0, 0, 0, 0, 0, 0, 0, 0, 0, 0, 0, 0, 0, 0, 0, 0, 0, 0, 0, 0, 0, 0, 0, 0, 0, 0, 0, 0, 0, 0, 0]]}, "BC": {"layer": 6, "cluster": [[0.15684337684674496], [0.13498946108581178], [0.10239904733356063], [0.06813643516950395], [0.052221406367916605, 0.04389968007245405], [0.034383491198826575, 0.029731524127183377, 0.027832434959338025, 0.025580886650433895, 0.02108458902825424, 0.021023502061708114, 0.01965228561153402, 0.01954149420654121, 0.01901705456427107, 0.018741325672992477, 0.018036684948846003, 0.016637243284275505, 0.01644327641873989, 0.01551687005541516, 0.014744310205479949, 0.01255125727191973, 0.012426041465037877, 0.012272237732007267, 0.00970263974049033, 0.008917705602762232, 0.008827600925832303, 0.008718047103996637, 0.007080732074089994, 0.00706384113021458, 0.0070566940096004754, 0.006976143794692236, 0.00693084626434175, 0.006507202738122135, 0.006486447305119836, 0.005845016490758194, 0.005664400906304145, 0.005191623094049329, 0.005052579737705687, 0.004764728279963474, 0.004382722582347055, 0.0027855345321779797, 0.002436063460477224, 0.0024278414397366816, 0.0017639655184018234, 0.0017016712421670638, 0.0013299081732673207, 0.001119653098834203, 0.0010657255237293169, 0.0010379699132458898, 0.0008690463208655933, 0.0007546606301541669, 0.0005490599852854952, 0.00047432768486604774, 0.0003644501795241499, 0.00035710343087392264, 0.0003438371324550187, 0.0003353709021441929, 0.0002856815328885324, 0.00015549335821227062, 0.0001263383535474699, 5.664400906304145e-05, 5.394667529813472e-05, 4.442667377493447e-05, 0.0, 0.0, 0.0, 0.0, 0.0, 0.0, 0.0, 0.0, 0.0, 0.0, 0.0, 0.0, 0.0, 0.0, 0.0, 0.0, 0.0, 0.0, 0.0, 0.0, 0.0, 0.0, 0.0, 0.0, 0.0, 0.0, 0.0, 0.0, 0.0, 0.0, 0.0, 0.0, 0.0, 0.0, 0.0, 0.0, 0.0, 0.0, 0.0, 0.0, 0.0, 0.0, 0.0, 0.0, 0.0, 0.0, 0.0, 0.0, 0.0, 0.0, 0.0, 0.0, 0.0, 0.0, 0.0, 0.0, 0.0, 0.0, 0.0, 0.0]]}, "DC": {"layer": 6, "cluster": [[0.6097560975609757, 0.5365853658536586], [0.41463414634146345, 0.39837398373983746], [0.34959349593495936, 0.3252032520325204, 0.3008130081300813, 0.29268292682926833, 0.2764227642276423], [0.2520325203252033, 0.24390243902439027, 0.23577235772357727, 0.23577235772357727, 0.21951219512195125, 0.21138211382113822, 0.21138211382113822, 0.1951219512195122, 0.1951219512195122, 0.1869918699186992, 0.1869918699186992, 0.1869918699186992, 0.1869918699186992, 0.1788617886178862, 0.17073170731707318, 0.1626016260162602, 0.1626016260162602, 0.15447154471544716], [0.12195121951219513, 0.12195121951219513, 0.11382113821138212, 0.11382113821138212, 0.11382113821138212, 0.10569105691056911, 0.10569105691056911, 0.10569105691056911, 0.0975609756097561, 0.0975609756097561, 0.0894308943089431, 0.0894308943089431, 0.0894308943089431], [0.0813008130081301, 0.07317073170731708, 0.07317073170731708, 0.07317073170731708, 0.07317073170731708, 0.07317073170731708, 0.06504065040650407, 0.06504065040650407, 0.06504065040650407, 0.05691056910569106, 0.05691056910569106, 0.04878048780487805, 0.04878048780487805, 0.04878048780487805, 0.04065040650406505, 0.04065040650406505, 0.04065040650406505, 0.04065040650406505, 0.04065040650406505, 0.032520325203252036, 0.032520325203252036, 0.032520325203252036, 0.024390243902439025, 0.024390243902439025, 0.024390243902439025, 0.024390243902439025, 0.024390243902439025, 0.024390243902439025, 0.024390243902439025, 0.024390243902439025, 0.024390243902439025, 0.016260162601626018, 0.016260162601626018, 0.016260162601626018, 0.016260162601626018, 0.016260162601626018, 0.016260162601626018, 0.016260162601626018, 0.016260162601626018, 0.016260162601626018, 0.016260162601626018, 0.016260162601626018, 0.016260162601626018, 0.016260162601626018, 0.016260162601626018, 0.016260162601626018, 0.016260162601626018, 0.016260162601626018, 0.008130081300813009, 0.008130081300813009, 0.008130081300813009, 0.008130081300813009, 0.008130081300813009, 0.008130081300813009, 0.008130081300813009, 0.008130081300813009, 0.008130081300813009, 0.008130081300813009, 0.008130081300813009, 0.008130081300813009, 0.008130081300813009, 0.008130081300813009, 0.008130081300813009, 0.008130081300813009, 0.008130081300813009, 0.008130081300813009, 0.008130081300813009, 0.008130081300813009, 0.008130081300813009, 0.008130081300813009, 0.008130081300813009, 0.008130081300813009, 0.008130081300813009, 0.008130081300813009, 0.008130081300813009, 0.008130081300813009, 0.008130081300813009, 0.008130081300813009, 0.008130081300813009, 0.008130081300813009, 0.008130081300813009, 0.008130081300813009, 0.008130081300813009, 0.008130081300813009]]}, "CC": {"layer": 6,