{"IS": {"layer": 6, "cluster": [[7432321740.0], [6167522109.0], [5551467916.0], [2514969442.0], [1042580010.0, 931749218.0, 915045194.0, 910360336.0], [484014708.0, 312106827.0, 304406965.0, 260477815.0, 228769400.0, 196037656.0, 188246330.0, 182687057.0, 124618387.0, 105071824.0, 58521834.0, 58378179.0, 57389046.0, 46110565.0, 44702830.0, 41850608.0, 38570198.0, 29167362.0, 16747909.0, 10806845.0, 10650500.0, 10359644.0, 9069314.0, 7251826.0, 6100002.0, 3111139.0, 3076673.0, 3062904.0, 2702001.0, 2511072.0, 2370896.0, 728920.0, 583481.0, 419615.0, 419593.0, 348663, 301161.0, 272260.0, 239118.0, 205955.0, 198748.0, 96097.0, 95542.0, 90400.0, 88669.0, 79206.0, 69438.0, 54103.0, 43126.0, 37155.0, 29754.0, 27982.0, 26389.0, 25020, 15922.0, 14991.0, 13373.0, 11000.0, 8873.0, 7428.0, 3010.0, 2789.0, 2140.0, 1884.0, 1200.0, 1051.0, 1001.0, 878.0, 757.0, 729, 588.0, 558, 496.0, 425.0, 370.0, 350.0, 320.0, 181.0, 120.0, 90.0, 56.0, 38.0, 34.0, 33.0, 20.0, 17.0, 15.0, 11.0, 10.0, 6.0, 5.0, 4.0, 3, 3.0, 2.0, 1.0, 1.0, 1.0, 0, 0, 0, 0, 0, 0, 0, 0, 0, 0, 0, 0, 0, 0]]}, "OS": {"layer": 6, "cluster": [[12500215382.0], [3183837366.0, 3029660215.0], [1856874380.0], [806030183.0, 649517901.0, 590830467.0, 589741106.0, 509475972.0, 493080328.0, 485330155.0], [376583193.0, 335570544.0, 327313247.0, 297693395.0, 262719366.0, 250029098.0, 247283187.0, 226384611.0, 219779810.0], [129034408.0, 128050629.0, 107688835.0, 76684754.0, 70267429.0, 57287461.0, 54223746.0, 45109562.0, 43771350.0, 39757630.0, 39649001.0, 39028041.0, 32791821.0, 29491147, 28842156.0, 28150288.0, 24537182.0, 15458355.0, 12858350.0, 9288777.0, 8796767, 8287572.0, 5846977.0, 5552159.0, 4133730.0, 3489971, 3299815.0, 3161209.0, 2949261.0, 2748810.0, 2641094.0, 2337471.0, 2336021.0, 2233887.0, 2048736.0, 1405310.0, 1086358.0, 903635.0, 865983.0, 766473.0, 758274.0, 728820.0, 688902.0, 649498.0, 552695.0, 481520.0, 264477.0, 256318, 155727.0, 84707.0, 50773.0, 31532.0, 13797.0, 2250.0, 1110.0, 1000.0, 394.0, 319.0, 315.0, 311.0, 305.0, 194.0, 109.0, 30.0, 16.0, 0, 0, 0, 0, 0, 0, 0, 0, 0, 0, 0, 0, 0, 0, 0, 0, 0, 0, 0, 0, 0, 0, 0, 0, 0, 0, 0, 0, 0, 0, 0, 0, 0, 0, 0]]}, "BC": {"layer": 6, "cluster": [[0.16447496454043703], [0.13857007610695912], [0.10784684061366771], [0.07459352764373038], [0.0527409611951994, 0.048480577398283306, 0.04240623346737047], [0.032355845212980995, 0.031036920745135647, 0.02631704262447416, 0.022600900563457444, 0.022449591480475622, 0.021200572437282933, 0.020412492415780963, 0.018931896311271446, 0.017661828403630717, 0.017083733047490387, 0.01668924610862983, 0.016510857193779014, 0.01554393186677554, 0.014533055955323481, 0.013778161826248903, 0.01352882305717826, 0.013206369652652736, 0.010242044736579034, 0.009185123058838049, 0.008904664869379495, 0.007477567298105683, 0.007472701055607797, 0.0074465296813894955, 0.007183789850582128, 0.006980257887619835, 0.006927790672983667, 0.006105549564458552, 0.005910838911835921, 0.005488299315431363, 0.005466904980562704, 0.005429783398901931, 0.005276831186497146, 0.004989221751892608, 0.0030171057857734662, 0.002813303722184224, 0.0025527530736511026, 0.002387283503388968, 0.0018133498849073782, 0.0016326168209575345, 0.0012583973537248167, 0.0011590772427826485, 0.0010935955191452643, 0.001067672831844602, 0.0007318714961774045, 0.0006133046583466423, 0.0005950228852949262, 0.0005880410413659405, 0.0005185783568756681, 0.00039415483707607335, 0.00035115306444176973, 0.0003422660492941247, 0.00016616816218012625, 0.0001350116317713526, 6.053268765133171e-05, 4.747661776575036e-05, 0.0, 0.0, 0.0, 0.0, 0.0, 0.0, 0.0, 0.0, 0.0, 0.0, 0.0, 0.0, 0.0, 0.0, 0.0, 0.0, 0.0, 0.0, 0.0, 0.0, 0.0, 0.0, 0.0, 0.0, 0.0, 0.0, 0.0, 0.0, 0.0, 0.0, 0.0, 0.0, 0.0, 0.0, 0.0, 0.0, 0.0, 0.0, 0.0, 0.0, 0.0, 0.0, 0.0, 0.0, 0.0, 0.0, 0.0, 0.0, 0.0, 0.0, 0.0, 0.0, 0.0, 0.0, 0.0, 0.0, 0.0, 0.0]]}, "DC": {"layer": 6, "cluster": [[0.6134453781512604], [0.5378151260504201], [0.4117647058823529, 0.4117647058823529], [0.36134453781512604, 0.3361344537815126, 0.31092436974789917, 0.29411764705882354, 0.2773109243697479], [0.25210084033613445, 0.24369747899159663, 0.24369747899159663, 0.226890756302521, 0.2184873949579832, 0.2184873949579832, 0.2184873949579832, 0.20168067226890757, 0.19327731092436973, 0.19327731092436973, 0.19327731092436973, 0.18487394957983191, 0.1764705882352941, 0.1680672268907563, 0.15966386554621848, 0.15126050420168066, 0.15126050420168066], [0.12605042016806722, 0.11764705882352941, 0.11764705882352941, 0.11764705882352941, 0.1092436974789916, 0.1092436974789916, 0.10084033613445378, 0.10084033613445378, 0.10084033613445378, 0.10084033613445378, 0.09243697478991596, 0.08403361344537814, 0.08403361344537814, 0.08403361344537814, 0.07563025210084033, 0.07563025210084033, 0.07563025210084033, 0.07563025210084033, 0.07563025210084033, 0.06722689075630252, 0.06722689075630252, 0.06722689075630252, 0.058823529411764705, 0.05042016806722689, 0.05042016806722689, 0.05042016806722689, 0.05042016806722689, 0.04201680672268907, 0.04201680672268907, 0.04201680672268907, 0.04201680672268907, 0.04201680672268907, 0.03361344537815126, 0.03361344537815126, 0.03361344537815126, 0.025210084033613446, 0.025210084033613446, 0.025210084033613446, 0.025210084033613446, 0.025210084033613446, 0.025210084033613446, 0.025210084033613446, 0.025210084033613446, 0.01680672268907563, 0.01680672268907563, 0.01680672268907563, 0.01680672268907563, 0.01680672268907563, 0.01680672268907563, 0.01680672268907563, 0.01680672268907563, 0.01680672268907563, 0.01680672268907563, 0.01680672268907563, 0.01680672268907563, 0.01680672268907563, 0.01680672268907563, 0.01680672268907563, 0.01680672268907563, 0.01680672268907563, 0.008403361344537815, 0.008403361344537815, 0.008403361344537815, 0.008403361344537815, 0.008403361344537815, 0.008403361344537815, 0.008403361344537815, 0.008403361344537815, 0.008403361344537815, 0.008403361344537815, 0.008403361344537815, 0.008403361344537815, 0.008403361344537815, 0.008403361344537815, 0.008403361344537815, 0.008403361344537815, 0.008403361344537815, 0.008403361344537815, 0.008403361344537815, 0.008403361344537815, 0.008403361344537815, 0.008403361344537815, 0.008403361344537815, 0.008403361344537815, 0.008403361344537815, 0.008403361344537815, 0.008403361344537815, 0.008403361344537815, 0.008403361344537815, 0.008403361344537815, 0.008403361344537815, 0.008403361344537815, 0.008403361344537815, 0.008403361344537815]]}, "CC": {"layer": 6,