{"IS": {"layer": 6, "cluster": [[7006645731.0], [2196824034.0], [1338053891.0, 1296410841.0], [1067361468.0, 1063426432.0, 986815215.0], [334054858.0, 329678657.0, 307317166.0, 299176358.0, 274909314.0, 258580989.0], [195059992.0, 168995404.0, 131090315.0, 103931705.0, 77358651.51802565, 56057303.0, 49706532.0, 40795560.0, 29552817.0, 26847645.0, 24077718.0, 21051968.0, 19109400.0, 12456931.0, 11753301.0, 9141105.0, 8787252.0, 8412472.0, 5326190.077153765, 4277421.0, 2712247.0, 1597365.0, 1438046.0, 1075073.0, 1000000.0, 749912.0729416993, 489682.0, 462813.0, 397999.0, 395720.0, 388395.0, 383300.0, 188054.0, 150001.0, 126483.0, 125000.0, 106172.0, 100000.0, 98255.0, 83957.0, 66000.0, 60009.0, 59059.0, 50010.0, 44000.0, 40024.0, 23968.0, 21397.0, 20027.0, 16781.0, 13526.0, 4572.0, 3169.0, 2071.0, 1842.0, 1371.0, 1307.0, 1243.0, 1053.0, 505.0, 450.0, 440, 400.0, 375.0, 330.0, 203.0, 187.0, 163.0, 160.0, 150.0, 127.0, 119.0, 110.0, 102.0, 100.0, 89.82635958053153, 50.0, 40.0, 25.0, 19.0, 7.0, 2.0, 2.0, 1.0, 1.0, 1.0, 1.0, 0, 0, 0, 0, 0, 0, 0, 0, 0, 0, 0, 0, 0, 0, 0, 0, 0, 0, 0, 0, 0, 0, 0, 0, 0]]}, "OS": {"layer": 6, "cluster": [[3660690196.0], [3430460176.0], [2006198870.0], [653925690.0, 627743782.0, 623489582.0, 592481623.1939611, 559252879.0, 548382568.0, 535483120.0, 505430455.82635957, 480736568.0], [325528884.0, 321448802.0, 276936765.0, 274976614.0, 257084382.0, 234383447.51802564, 210805488.0, 199195452.0, 193462440.0, 168680749.0, 141623092.0, 141008071.0], [78847115.0, 74985147.0, 64945039.0, 60977888.0, 60526632.0, 52677000.0, 45119908.0, 40576324, 40499324.0729417, 38223248.0, 31042964.0, 29356068.0, 26855972.0, 26325007.0, 22545892.0, 12164879.0, 11987019, 10589439.0, 8691676.0, 7490978.0, 6622151.0, 6050000.0, 5516923, 5242837.0, 5055161.0, 4180772.0, 4017363.0, 3501148.0, 3382203.0, 2700465.0, 2587000.0, 2360966.0, 2236095.0, 2163091.2941699256, 1712267.0, 1010754.0, 749923.0, 699781, 514411.0, 325000.0, 205807.0, 145586.0, 100000.0, 87116.0, 76186.19151351933, 71694.0, 60114.0, 57946.397509155, 45790.0, 43200.0, 42215.0, 41527.0, 29071.0, 25992.0, 20000.0, 6797.0, 6600.0, 5957.0, 3191.0, 2698.0, 1265.0, 1264.0, 645.0, 640.0, 587.0, 389.0, 270.0, 195.0, 180.0, 119.0, 101.0, 30.0, 0, 0, 0, 0, 0, 0, 0, 0, 0, 0, 0, 0, 0, 0, 0, 0, 0, 0, 0, 0, 0, 0, 0, 0, 0, 0, 0, 0, 0]]}, "BC": {"layer": 6, "cluster": [[0.19394444453763657], [0.09403215623632698], [0.07001071152023922, 0.06491647795877058], [0.04235887729645093, 0.038093171119144204, 0.03244447091132842, 0.0322495932124869], [0.027455425487993602, 0.026403337667839644, 0.025321656251290382, 0.024631494736036215, 0.024248291483640497, 0.02316267365302201, 0.022102115759483513, 0.02131012222822847, 0.019713803204293, 0.01960449974431699, 0.017445547126253364, 0.017276829525471833, 0.0164690473243038, 0.015162745486722957, 0.013581706916802095], [0.011538865247946268, 0.011413582205197101, 0.010095129771540236, 0.008563402608818872, 0.008249939859426793, 0.00784638082833421, 0.007133764985666489, 0.007051247315276029, 0.0062800773995245595, 0.006097560975609756, 0.005453127540752429, 0.005405210064435083, 0.005347238871238465, 0.005010026578172218, 0.004461822062552856, 0.003097278585546276, 0.0029968587940263913, 0.002610555451114779, 0.0022471557303866767, 0.0018839963461812562, 0.0017382146512752333, 0.0016942324348489018, 0.0014587929216290396, 0.0013525915178157508, 0.0011871194359264748, 0.0007821295832704172, 0.0007525644868288456, 0.0006575741331838893, 0.0006166611456030943, 0.0005623431495833957, 0.0004644242852635966, 0.00029348170517698907, 0.0002818029335577996, 0.0002742809686161378, 0.00023676968831195166, 0.00021024494126382405, 0.0001914919302802859, 0.00018420691119353587, 0.00014250288466977504, 0.00013631862396151748, 0.00012894483783547513, 9.743713028528135e-05, 4.2094117868252004e-05, 1.847272696997323e-05, 0.0, 0.0, 0.0, 0.0, 0.0, 0.0, 0.0, 0.0, 0.0, 0.0, 0.0, 0.0, 0.0, 0.0, 0.0, 0.0, 0.0, 0.0, 0.0, 0.0, 0.0, 0.0, 0.0, 0.0, 0.0, 0.0, 0.0, 0.0, 0.0, 0.0, 0.0, 0.0, 0.0, 0.0, 0.0, 0.0, 0.0, 0.0, 0.0, 0.0, 0.0, 0.0, 0.0, 0.0, 0.0, 0.0, 0.0, 0.0, 0.0, 0.0, 0.0, 0.0, 0.0, 0.0, 0.0, 0.0, 0.0, 0.0]]}, "DC": {"layer": 6, "cluster": [[0.6612903225806451], [0.4596774193548387], [0.3951612903225806, 0.3790322580645161, 0.34677419354838707, 0.33064516129032256], [0.282258064516129, 0.27419354838709675, 0.27419354838709675, 0.2661290322580645, 0.25806451612903225, 0.25, 0.25, 0.24193548387096775, 0.23387096774193547, 0.22580645161290322, 0.21774193548387097, 0.2096774193548387, 0.20161290322580644], [0.1774193548387097, 0.1693548387096774, 0.16129032258064516, 0.16129032258064516, 0.16129032258064516, 0.16129032258064516, 0.1532258064516129, 0.1532258064516129, 0.1532258064516129, 0.14516129032258063, 0.12903225806451613, 0.12903225806451613, 0.12903225806451613, 0.12903225806451613, 0.11290322580645161, 0.10483870967741934, 0.10483870967741934, 0.10483870967741934, 0.0967741935483871, 0.0967741935483871, 0.0967741935483871, 0.08870967741935484, 0.08870967741935484, 0.08870967741935484, 0.08064516129032258], [0.06451612903225806, 0.06451612903225806, 0.056451612903225805, 0.04838709677419355, 0.04838709677419355, 0.04838709677419355, 0.04838709677419355, 0.04838709677419355, 0.04838709677419355, 0.04838709677419355, 0.04032258064516129, 0.04032258064516129, 0.04032258064516129, 0.04032258064516129, 0.04032258064516129, 0.03225806451612903, 0.03225806451612903, 0.03225806451612903, 0.03225806451612903, 0.03225806451612903, 0.03225806451612903, 0.03225806451612903, 0.03225806451612903, 0.03225806451612903, 0.03225806451612903, 0.024193548387096774, 0.024193548387096774, 0.024193548387096774, 0.024193548387096774, 0.024193548387096774, 0.024193548387096774, 0.024193548387096774, 0.024193548387096774, 0.024193548387096774, 0.024193548387096774, 0.016129032258064516, 0.016129032258064516, 0.016129032258064516, 0.016129032258064516, 0.016129032258064516, 0.016129032258064516, 0.016129032258064516, 0.016129032258064516, 0.016129032258064516, 0.016129032258064516, 0.016129032258064516, 0.016129032258064516, 0.008064516129032258, 0.008064516129032258, 0.008064516129032258, 0.008064516129032258, 0.008064516129032258, 0.008064516129032258, 0.008064516129032258, 0.008064516129032258, 0.008064516129032258, 0.008064516129032258, 0.008064516129032258, 0.008064516129032258, 0.008064516129032258, 0.008064516129032258, 0.008064516129032258, 0.008064516129032258, 0.008064516129032258, 0.008064516129032258, 0.008064516129032258, 0.008064516129032258, 0.008064516129032258, 0.008064516129032258, 0.008064516129032258, 0.008064516129032258, 0.008064516129032258, 0.008064516129032258, 0.008064516129032258, 0.008064516129032258, 0.008064516129032258, 0.008064516129032258, 0.008064516129032258, 0.008064516129032258, 0.008064516129032258, 0.008064516129032258]]}, "CC": {"layer": 6,