{"IS": {"layer": 6, "cluster": [[7006645731.0], [2196824034.0], [1338053891.0, 1296410841.0], [1067361468.0, 1063426432.0, 986815215.0], [334054858.0, 329678657.0, 307317166.0, 299176358.0, 274909314.0, 258580989.0], [195059992.0, 168995404.0, 131090315.0, 103931705.0, 77358651.20365256, 56057303.0, 49706532.0, 40795560.0, 29552817.0, 26847645.0, 24077718.0, 21051968.0, 19109400.0, 12456931.0, 11753301.0, 9141105.0, 8787252.0, 8412472.0, 5326190.076716967, 4277421.0, 2712247.0, 1597365.0, 1438046.0, 1075073.0, 1000000.0, 749912.0729416688, 489682.0, 462813.0, 397999.0, 395720.0, 388395.0, 383300.0, 188054.0, 150001.0, 126483.0, 125000.0, 106172.0, 100000.0, 98255.0, 83957.0, 66000.0, 60009.0, 59059.0, 50010.0, 44000.0, 40024.0, 23968.0, 21397.0, 20027.0, 16781.0, 13526.0, 4572.0, 3169.0, 2071.0, 1842.0, 1371.0, 1307.0, 1243.0, 1053.0, 505.0, 450.0, 440, 400.0, 375.0, 330.0, 203.0, 187.0, 163.0, 160.0, 150.0, 127.0, 119.0, 110.0, 102.0, 100.0, 89.82635919420204, 50.0, 40.0, 25.0, 19.0, 7.0, 2.0, 2.0, 1.0, 1.0, 1.0, 1.0, 0, 0, 0, 0, 0, 0, 0, 0, 0, 0, 0, 0, 0, 0, 0, 0, 0, 0, 0, 0, 0, 0, 0, 0, 0, 0]]}, "OS": {"layer": 6, "cluster": [[3660690196.0], [3430460176.0], [2006198870.0], [653925690.0, 627743782.0, 623489582.0, 592481623.1938881, 559252879.0, 548382568.0, 535483120.0, 505430455.82635915, 480736568.0], [325528884.0, 321448802.0, 276936765.0, 274976614.0, 257084382.0, 234383447.20365256, 210805488.0, 199195452.0, 193462440.0, 168680749.0, 141623092.0, 141008071.0], [78847115.0, 74985147.0, 64945039.0, 60977888.0, 60526632.0, 52677000.0, 45119908.0, 40576324, 40499324.07294167, 38223248.0, 31042964.0, 29356068.0, 26855972.0, 26325007.0, 22545892.0, 12164879.0, 11987019, 10589439.0, 8691676.0, 7490978.0, 6622151.0, 6050000.0, 5516923, 5242837.0, 5055161.0, 4180772.0, 4017363.0, 3501148.0, 3382203.0, 2700465.0, 2587000.0, 2360966.0, 2236095.0, 2163091.2941668835, 1712267.0, 1010754.0, 749923.0, 699781, 514411.0, 325000.0, 205807.0, 145586.0, 100000.0, 87116.0, 76186.19118585411, 71694.0, 60114.0, 57946.39747610557, 45790.0, 43200.0, 42215.0, 41527.0, 29071.0, 25992.0, 20000.0, 6797.0, 6600.0, 5957.0, 3191.0, 2698.0, 1265.0, 1264.0, 645.0, 640.0, 587.0, 389.0, 270.0, 195.0, 180.0, 119.0, 101.0, 30.0, 0, 0, 0, 0, 0, 0, 0, 0, 0, 0, 0, 0, 0, 0, 0, 0, 0, 0, 0, 0, 0, 0, 0, 0, 0, 0, 0, 0, 0, 0]]}, "BC": {"layer": 6, "cluster": [[0.19109648439192056], [0.09354400160416386], [0.06876466859029634, 0.06370199601240273], [0.04193470883796908, 0.03735927295939699], [0.03172001012661592, 0.029157351731959248, 0.02776155365004889, 0.027367761021498425, 0.025954983644628945, 0.025319503836463673, 0.024003589426765694, 0.023949055212849783, 0.0218538475714582, 0.020050490652058075, 0.019271134147708105, 0.019019670911664312, 0.017217314429580983, 0.017002358509861256, 0.016676061150753967, 0.014739030144650337, 0.013769058425902437], [0.011387949970122645, 0.01119184960438224, 0.010101989794137966, 0.00991851347106016, 0.008451437042933099, 0.008059774360708148, 0.007389896447908294, 0.007002943487263871, 0.006873289494193776, 0.0061795961611321665, 0.006, 0.0053742310556826696, 0.005329547618066544, 0.005285646182939202, 0.004955678730093989, 0.004412657336700037, 0.003047722128177536, 0.0025386112359072526, 0.00222981365335403, 0.0017127585675972773, 0.0016671247158913194, 0.0015635666520226372, 0.0014579607299721152, 0.0013603407345342828, 0.0011752939837330132, 0.0007696155099380905, 0.0007383729174051754, 0.0006622880844312984, 0.0006462983724443826, 0.0006139630260548068, 0.0004560933847935746, 0.0002887859978941573, 0.00028651067648262596, 0.0002698924731182796, 0.00023298137329896045, 0.00020688102220360288, 0.00018842805939580133, 0.0001812596006144393, 0.00014022283851505864, 0.0001341375259781332, 0.00012688172043010752, 9.587813620071685e-05, 4.142061198235997e-05, 1.798851968631256e-05, 0.0, 0.0, 0.0, 0.0, 0.0, 0.0, 0.0, 0.0, 0.0, 0.0, 0.0, 0.0, 0.0, 0.0, 0.0, 0.0, 0.0, 0.0, 0.0, 0.0, 0.0, 0.0, 0.0, 0.0, 0.0, 0.0, 0.0, 0.0, 0.0, 0.0, 0.0, 0.0, 0.0, 0.0, 0.0, 0.0, 0.0, 0.0, 0.0, 0.0, 0.0, 0.0, 0.0, 0.0, 0.0, 0.0, 0.0, 0.0, 0.0, 0.0, 0.0, 0.0, 0.0, 0.0, 0.0, 0.0, 0.0, 0.0, 0.0]]}, "DC": {"layer": 6, "cluster": [[0.656], [0.456], [0.4, 0.376, 0.34400000000000003, 0.328], [0.28, 0.272, 0.272, 0.264, 0.256, 0.256, 0.248, 0.24, 0.232, 0.224, 0.216, 0.20800000000000002, 0.2], [0.176, 0.168, 0.16, 0.16, 0.16, 0.16, 0.152, 0.152, 0.152, 0.14400000000000002, 0.14400000000000002, 0.136, 0.128, 0.128, 0.112, 0.10400000000000001, 0.10400000000000001, 0.10400000000000001, 0.10400000000000001, 0.096, 0.096, 0.088, 0.088, 0.088, 0.08], [0.064, 0.064, 0.056, 0.048, 0.048, 0.048, 0.048, 0.048, 0.048, 0.048, 0.04, 0.04, 0.04, 0.04, 0.04, 0.032, 0.032, 0.032, 0.032, 0.032, 0.032, 0.032, 0.032, 0.032, 0.032, 0.024, 0.024, 0.024, 0.024, 0.024, 0.024, 0.024, 0.024, 0.024, 0.024, 0.024, 0.016, 0.016, 0.016, 0.016, 0.016, 0.016, 0.016, 0.016, 0.016, 0.016, 0.016, 0.008, 0.008, 0.008, 0.008, 0.008, 0.008, 0.008, 0.008, 0.008, 0.008, 0.008, 0.008, 0.008, 0.008, 0.008, 0.008, 0.008, 0.008, 0.008, 0.008, 0.008, 0.008, 0.008, 0.008, 0.008, 0.008, 0.008, 0.008, 0.008, 0.008, 0.008, 0.008, 0.008, 0.008, 0.008]]}, "CC": {"layer": 6, "cluster": [[0.516885496183206], [0.3913988439306358, 0.3913988439306358, 0.38914942528735635, 0.3804044943820225, 0.37827932960893856], [0.37001092896174864, 0.368, 0.36209625668449197, 0.36017021276595745, 0.36017021276595745, 0.3526666666666667, 0.3472410256410256, 0.3472410256410256, 0.3437157360406091, 0.341979797979798, 0.3402613065326633, 0.3402613065326633, 0.33856, 0.33520792079207923, 0.33355665024630543, 0.331921568627451, 0.33030243902439027, 0.32725925925925925, 0.3255384615384615, 0.32243809523809525, 0.32243809523809525, 0.3209099526066351, 0.3209099526066351, 0.31939622641509435, 0.31939622641509435, 0.31939622641509435, 0.316411214953271, 0.3149395348837209, 0.31060550458715597, 0.30889285714285714, 0.30778181818181816, 0.3063891402714932, 0.30228571428571427, 0.29961061946902656], [0.28691525423728814, 0.2801295546558704, 0.279801652892562, 0.27787951807228917, 0.27750819672131144, 0.27750819672131144, 0.27303225806451614, 0.270848, 0.2692295719844358, 0.2692295719844358, 0.26869841269841266, 0.26869841269841266, 0.26658267716535433, 0.2661230769230769, 0.2634708171206226, 0.2634708171206226, 0.26143629343629343, 0.26143629343629343, 0.26110188679245283, 0.26110188679245283, 0.26043076923076924, 0.258442748091603, 0.25551698113207544, 0.25438235294117645, 0.25360299625468163, 0.25069565217391304, 0.25069565217391304, 0.25069565217391304, 0.25069565217391304, 0.25069565217391304, 0.24894117647058825, 0.24894117647058825, 0.24712408759124085, 0.2471142857142857, 0.24533333333333332, 0.24277894736842107, 0.24011347517730497, 0.23695890410958903, 0.2334896551724138, 0.232969696969697, 0.23218791946308726, 0.2317639344262295, 0.23031292517006804, 0.22760526315789473, 0.22760526315789473, 0.22760526315789473, 0.22760526315789473, 0.2268590163934426, 0.22570666666666664, 0.22570666666666664, 0.22570666666666664, 0.22273684210526315, 0.22106070287539933, 0.22056026058631922, 0.22035668789808915, 0.20395180722891565, 0.20172594752186587, 0.20055652173913044, 0.19968361581920904], [0.1616038186157518], [0.008, 0.0, 0.0, 0.0, 0.0, 0.0, 0.0, 0.0, 0.0, 0.0, 0.0, 0.0, 0.0, 0.0, 0.0, 0.0, 0.0, 0.0, 0.0, 0.0, 0.0, 0.0, 0.0, 0.0, 0.0, 0.0]]}, "E": {"layer": 6,