{"IS": {"layer": 6, "cluster": [[7000105591.0], [2196824034.0], [1338053891.0, 1296410841.0], [1067361468.0, 1063426432.0, 986815215.0], [334054858.0, 329678657.0, 307317166.0, 299176358.0, 274909314.0, 258580989.0], [195059992.0, 168995404.0, 131090315.0, 103931705.0, 77356771.62408628, 56057303.0, 49706532.0, 40795182.0, 29552817.0, 26847645.0, 24077718.0, 21051968.0, 19109400.0, 12456931.0, 11753301.0, 9141102.0, 8412472.0, 5326145.4651767295, 4277421.0, 2712247.0, 1597365.0, 1438046.0, 1075073.0, 1000000.0, 749912.0727597954, 489682.0, 462813.0, 395720.0, 388395.0, 383300.0, 316366.0, 188054.0, 150001.0, 126483.0, 125000.0, 106172.0, 100000.0, 98255.0, 83957.0, 66000.0, 60009.0, 59059.0, 50010.0, 44000.0, 40024.0, 23968.0, 21397.0, 20027.0, 16781.0, 13526.0, 4572.0, 3169.0, 2071.0, 1842.0, 1371.0, 1307.0, 1243.0, 1053.0, 505.0, 450.0, 440, 400.0, 375.0, 330.0, 203.0, 187.0, 163.0, 160.0, 150.0, 127.0, 119.0, 110.0, 102.0, 100.0, 89.82404940034309, 50.0, 40.0, 25.0, 19.0, 7.0, 2.0, 2.0, 1.0, 1.0, 1.0, 1.0, 0, 0, 0, 0, 0, 0, 0, 0, 0, 0, 0, 0, 0, 0, 0, 0, 0, 0, 0, 0, 0, 0, 0, 0, 0]]}, "OS": {"layer": 6, "cluster": [[3660689880.0], [3430459083.0], [2006198870.0], [653925690.0, 627332582.0, 621484776.0, 591217202.7571825, 559252879.0, 548382568.0, 535483120.0, 504971394.8240494, 480736568.0], [325528884.0, 321448522.0, 276936765.0, 270331067.0, 257084382.0, 234381522.62408626, 210805488.0, 199195452.0, 193462440.0, 168680749.0, 141623092.0, 141008071.0], [78847115.0, 74985147.0, 64945039.0, 60977888.0, 60526632.0, 52677000.0, 45119908.0, 40576324, 40499324.07275979, 38223248.0, 31042964.0, 29356062.0, 26855922.0, 26325007.0, 22545892.0, 12164841.0, 11987019, 10589439.0, 8691676.0, 7490978.0, 6050000.0, 5516923, 5242837.0, 5055161.0, 4180772.0, 4017363.0, 3501148.0, 3382203.0, 2700465.0, 2587000.0, 2360966.0, 2236095.0, 2162725.27597953, 1712267.0, 1010754.0, 749923.0, 699781, 514411.0, 325000.0, 205807.0, 145586.0, 100000.0, 87116.0, 76184.23213510201, 71644.0, 60114.0, 57937.199879606516, 45780.0, 43200.0, 42215.0, 41527.0, 29071.0, 25992.0, 20000.0, 6797.0, 6600.0, 5957.0, 3191.0, 2698.0, 1265.0, 1264.0, 645.0, 640.0, 587.0, 389.0, 270.0, 195.0, 180.0, 119.0, 101.0, 30.0, 0, 0, 0, 0, 0, 0, 0, 0, 0, 0, 0, 0, 0, 0, 0, 0, 0, 0, 0, 0, 0, 0, 0, 0, 0, 0, 0, 0, 0]]}, "BC": {"layer": 6, "cluster": [[0.19156437298254994], [0.09543264738751207], [0.07031551028507296, 0.06702226005570919], [0.03965083778293338, 0.038611301753884705, 0.03281923655216439, 0.03198731436640026], [0.02803133903414458, 0.0266035169614739, 0.025159544990941304, 0.02510166340934343, 0.024824549851836714, 0.024415767649029394, 0.022785827500491247, 0.021535702437166394, 0.019742166277148667, 0.019632358156415397, 0.01741095361719497, 0.017301955896518076, 0.01682520790130535, 0.01515933178837058, 0.013744797864937647], [0.011714743271754459, 0.011601490829007226, 0.010048113525474774, 0.008459483129700183, 0.0083185447644927, 0.008067493656493365, 0.00727753401124762, 0.0071376794621873475, 0.006344026686541855, 0.006130880980940957, 0.005497869085181624, 0.005450322091165755, 0.005116502566718145, 0.004463510287154377, 0.0031136270840389194, 0.0029793476160529467, 0.002618048103134793, 0.002257183746337311, 0.0019487403522024966, 0.0019188500487477061, 0.0018237697263787979, 0.001595948927520018, 0.0013526239335915466, 0.0012038070555298339, 0.0008063753815453135, 0.0007715656106299849, 0.0006286344009536467, 0.0006086160274484944, 0.0005753574729564895, 0.00046251779661357, 0.00031081426185149396, 0.0002906537655681476, 0.00028025826706354497, 0.0002406511586121476, 0.00020944003351040536, 0.0001872266966229381, 0.00013855335550187024, 0.00013373232908948034, 0.00013241080379442424, 0.0001314625664885561, 0.0001045877945118249, 4.278418537428892e-05, 1.8775558559644926e-05, 0.0, 0.0, 0.0, 0.0, 0.0, 0.0, 0.0, 0.0, 0.0, 0.0, 0.0, 0.0, 0.0, 0.0, 0.0, 0.0, 0.0, 0.0, 0.0, 0.0, 0.0, 0.0, 0.0, 0.0, 0.0, 0.0, 0.0, 0.0, 0.0, 0.0, 0.0, 0.0, 0.0, 0.0, 0.0, 0.0, 0.0, 0.0, 0.0, 0.0, 0.0, 0.0, 0.0, 0.0, 0.0, 0.0, 0.0, 0.0, 0.0, 0.0, 0.0, 0.0, 0.0, 0.0, 0.0, 0.0, 0.0, 0.0]]}, "DC": {"layer": 6, "cluster": [[0.6504065040650407], [0.4552845528455285], [0.39837398373983746, 0.3821138211382114, 0.34146341463414637, 0.3252032520325204], [0.2764227642276423, 0.2764227642276423, 0.2682926829268293, 0.2601626016260163, 0.2601626016260163, 0.2520325203252033, 0.24390243902439027, 0.23577235772357727, 0.23577235772357727, 0.21951219512195125, 0.21951219512195125, 0.21138211382113822, 0.20325203252032523], [0.17073170731707318, 0.17073170731707318, 0.1626016260162602, 0.1626016260162602, 0.15447154471544716, 0.15447154471544716, 0.15447154471544716, 0.15447154471544716, 0.15447154471544716, 0.13008130081300814, 0.13008130081300814, 0.13008130081300814, 0.13008130081300814, 0.10569105691056911, 0.10569105691056911, 0.10569105691056911, 0.0975609756097561, 0.0975609756097561, 0.0975609756097561, 0.0975609756097561, 0.0894308943089431, 0.0894308943089431, 0.0813008130081301, 0.0813008130081301], [0.06504065040650407, 0.06504065040650407, 0.05691056910569106, 0.04878048780487805, 0.04878048780487805, 0.04878048780487805, 0.04878048780487805, 0.04878048780487805, 0.04878048780487805, 0.04878048780487805, 0.04065040650406505, 0.04065040650406505, 0.04065040650406505, 0.04065040650406505, 0.04065040650406505, 0.032520325203252036, 0.032520325203252036, 0.032520325203252036, 0.032520325203252036, 0.032520325203252036, 0.032520325203252036, 0.032520325203252036, 0.032520325203252036, 0.032520325203252036, 0.024390243902439025, 0.024390243902439025, 0.024390243902439025, 0.024390243902439025, 0.024390243902439025, 0.024390243902439025, 0.024390243902439025, 0.024390243902439025, 0.024390243902439025, 0.024390243902439025, 0.024390243902439025, 0.016260162601626018, 0.016260162601626018, 0.016260162601626018, 0.016260162601626018, 0.016260162601626018, 0.016260162601626018, 0.016260162601626018, 0.016260162601626018, 0.016260162601626018, 0.016260162601626018, 0.016260162601626018, 0.016260162601626018, 0.008130081300813009, 0.008130081300813009, 0.008130081300813009, 0.008130081300813009, 0.008130081300813009, 0.008130081300813009, 0.008130081300813009, 0.008130081300813009, 0.008130081300813009, 0.008130081300813009, 0.008130081300813009, 0.008130081300813009, 0.008130081300813009, 0.008130081300813009, 0.008130081300813009, 0.008130081300813009, 0.008130081300813009, 0.008130081300813009, 0.008130081300813009, 0.008130081300813009, 0.008130081300813009, 0.008130081300813009, 0.008130081300813009, 0.008130081300813009, 0.008130081300813009, 0.008130081300813009, 0.008130081300813009, 0.008130081300813009, 0.008130081300813009, 0.008130081300813009, 0.008130081300813009, 0.008130081300813009, 0.008130081300813009, 0.008130081300813009]]}, "CC": {"layer": 6,