{"IS": {"layer": 6, "cluster": [[8639231515.965952], [2195782082.245572], [1401679589.0, 1374690315.0], [1130712357.0, 1015193326.0, 950361769.0], [533259490.0, 484522620.0, 425422252.0, 415357538.0, 383459314.0, 304213468.0, 281181100.73523843, 269563371.0, 266429811.0, 156693384.0, 130414861.0], [90344582.0, 81610989.0, 81114769.0, 78437249.0, 59910690.0, 52973611.0, 51783319.0, 40892366.0, 36865560.0, 25155840.0, 17317342.0, 16401214.0, 11568056.0, 10935467.270106059, 8482128.0, 8170000.0, 6295567.0, 5337522.960204786, 4776001.0, 3035698.0, 2793549.0, 1170000.0, 923500.0, 559084.0, 401801.0, 330260.0, 252683.0, 250000.0, 197044.0, 191796.0, 138940.0, 132194.0, 118476.0, 112585.0, 96025.0, 95595.0, 92944.0, 40920.0, 34350.0, 33861.0, 33673.0, 31323, 30000.0, 25850.0, 25418.0, 23000.0, 22000, 19241.0, 9904.0, 8264.0, 5850.0, 2352.0, 2186.0, 2092.0, 1354.0, 1154.0, 1039.0, 1000.0, 750.0, 542.0, 457.0, 379.0, 286.0, 270.0, 155, 120.0, 95.0, 70.0, 64.0, 51.0, 32.0, 30.0, 29.0, 25, 25.0, 22.0, 11.0, 10.0, 9.0, 7.0, 4.0, 3.0, 3.0, 2.0, 2.0, 2.0, 2.0, 2.0, 1.0, 1.0, 0, 0, 0, 0, 0, 0, 0, 0, 0, 0, 0, 0, 0, 0]]}, "OS": {"layer": 6, "cluster": [[4367203435.0], [3938185372.0], [2192478361.0], [839554071.0, 737582023.0, 707475262.0, 684386658.0, 643337669.0, 638470848.0, 608157841.0], [537822700.0, 505616684.0, 494844052.0, 443310061.0, 435918844.0], [350576962.4736261, 310653267.0, 279754633.0, 262047650.0, 206782782.0, 181700881.0, 174569826.0, 159585296.0, 137719740.0, 131722878.0, 122795345.0, 80067106.0, 63637896.0, 58702668.0, 56025301.0, 51633344, 50391620.0, 46877570.0, 46130103.0, 46029597.0, 44010268.0, 42596940.0, 40236387.0, 36607785.0, 31815616.0, 31640408.0, 31559643.0, 29692983.0, 27607112.0, 24704476.0, 22834750.0, 19681517.0, 17199847.0, 12179757.0, 10234306.0, 7718823.0, 5643925.0, 4138099.0, 3384904.7034469526, 3115478.0, 2666541.0, 2507515.0, 2440088.0, 2386559, 2150168.0, 2059404.0, 1361555.0, 909038.0, 797548.0, 531678.0, 517484.0, 396644.0, 183535.0, 115551.0, 85001.0, 81250, 64930.0, 52559.0, 49098.0, 40400.0, 23129.0, 9029.0, 4330.0, 2638.0, 1210.0, 900.0, 659.0, 510.0, 411.0, 87.0, 68.0, 6.0, 6.0, 1.0, 1.0, 1.0, 0, 0, 0, 0, 0, 0, 0, 0, 0, 0, 0, 0, 0, 0, 0, 0, 0, 0, 0, 0, 0, 0, 0, 0, 0, 0, 0, 0, 0, 0, 0]]}, "BC": {"layer": 6, "cluster": [[0.2252664000160062], [0.0902617352837358], [0.07321360106798878, 0.06478050127193637, 0.0579733820025672], [0.04520047526437979], [0.03732731537127876, 0.03439208553830882, 0.030099608832472067, 0.02729044731319855, 0.02320322820970748, 0.02203476848990083, 0.021820998232829736, 0.021699249129495096, 0.02132077351336301, 0.01874387385158501, 0.01863892291798237, 0.017939441005476668, 0.017475327876951764, 0.01677250587375354, 0.0158873570221333], [0.01460483006700973, 0.013038062969092696, 0.01149660253893286, 0.01137396782358573, 0.009410192324918677, 0.009014061741141072, 0.008860143078031003, 0.008661617104984242, 0.008396641350334175, 0.00805600373610015, 0.007232389587761488, 0.007231404958677684, 0.00679946239408937, 0.006631872920255896, 0.005217885738431617, 0.004912178385227728, 0.0038558385803564867, 0.0031106144089312667, 0.0029142978220475686, 0.0025158500004308923, 0.002444433053937186, 0.0021636869000385955, 0.001700774284532994, 0.0016839605326447427, 0.0014412812088431919, 0.0012869181119869821, 0.0012700301927410845, 0.0012023297644443668, 0.000994374203921833, 0.000861404517141986, 0.0005039279966411541, 0.00034341605426845977, 0.0003351904605261452, 0.0003028663255935983, 0.0002283385806113078, 0.00019948992817631352, 0.0001606978879706152, 0.00015873015873015873, 0.00012602022483445408, 0.00010152936289299926, 5.6000779141274996e-05, 5.567033976124884e-05, 5.165289256198347e-05, 4.7717434081070436e-05, 4.722550177095631e-05, 4.305541293063573e-05, 3.402343090787639e-05, 0.0, 0.0, 0.0, 0.0, 0.0, 0.0, 0.0, 0.0, 0.0, 0.0, 0.0, 0.0, 0.0, 0.0, 0.0, 0.0, 0.0, 0.0, 0.0, 0.0, 0.0, 0.0, 0.0, 0.0, 0.0, 0.0, 0.0, 0.0, 0.0, 0.0, 0.0, 0.0, 0.0, 0.0, 0.0, 0.0, 0.0, 0.0, 0.0, 0.0, 0.0, 0.0, 0.0, 0.0, 0.0, 0.0, 0.0, 0.0, 0.0, 0.0, 0.0, 0.0, 0.0, 0.0]]}, "DC": {"layer": 6, "cluster": [[0.743801652892562], [0.4297520661157025, 0.4049586776859504, 0.38842975206611574], [0.3553719008264463, 0.34710743801652894, 0.33884297520661155, 0.33884297520661155, 0.3305785123966942], [0.2892561983471075, 0.2727272727272727, 0.2644628099173554, 0.24793388429752067, 0.23140495867768596, 0.23140495867768596, 0.23140495867768596, 0.2231404958677686, 0.21487603305785125, 0.2066115702479339, 0.2066115702479339, 0.2066115702479339, 0.19834710743801653, 0.19834710743801653, 0.19008264462809918], [0.18181818181818182, 0.17355371900826447, 0.1652892561983471, 0.15702479338842976, 0.1487603305785124, 0.14049586776859505, 0.14049586776859505, 0.1322314049586777, 0.1322314049586777, 0.1322314049586777, 0.11570247933884298, 0.10743801652892562, 0.10743801652892562, 0.09917355371900827, 0.09090909090909091, 0.09090909090909091, 0.09090909090909091, 0.08264462809917356, 0.08264462809917356, 0.0743801652892562], [0.06611570247933884, 0.06611570247933884, 0.05785123966942149, 0.05785123966942149, 0.05785123966942149, 0.05785123966942149, 0.049586776859504134, 0.049586776859504134, 0.049586776859504134, 0.049586776859504134, 0.049586776859504134, 0.04132231404958678, 0.04132231404958678, 0.04132231404958678, 0.04132231404958678, 0.04132231404958678, 0.04132231404958678, 0.03305785123966942, 0.03305785123966942, 0.03305785123966942, 0.03305785123966942, 0.03305785123966942, 0.024793388429752067, 0.024793388429752067, 0.024793388429752067, 0.024793388429752067, 0.024793388429752067, 0.024793388429752067, 0.024793388429752067, 0.024793388429752067, 0.024793388429752067, 0.01652892561983471, 0.01652892561983471, 0.01652892561983471, 0.01652892561983471, 0.01652892561983471, 0.01652892561983471, 0.01652892561983471, 0.01652892561983471, 0.01652892561983471, 0.01652892561983471, 0.01652892561983471, 0.01652892561983471, 0.01652892561983471, 0.01652892561983471, 0.01652892561983471, 0.01652892561983471, 0.01652892561983471, 0.01652892561983471, 0.01652892561983471, 0.01652892561983471, 0.008264462809917356, 0.008264462809917356, 0.008264462809917356, 0.008264462809917356, 0.008264462809917356, 0.008264462809917356, 0.008264462809917356, 0.008264462809917356, 0.008264462809917356, 0.008264462809917356, 0.008264462809917356, 0.008264462809917356, 0.008264462809917356, 0.008264462809917356, 0.008264462809917356, 0.008264462809917356, 0.008264462809917356, 0.008264462809917356, 0.008264462809917356, 0.008264462809917356, 0.008264462809917356, 0.008264462809917356, 0.008264462809917356, 0.008264462809917356, 0.008264462809917356, 0.008264462809917356, 0.008264462809917356]]}, "CC": {"layer": 6,