{"IS": {"layer": 6, "cluster": [[8639231515.95696], [2195782082.245312], [1401679589.0, 1374690315.0], [1130712357.0, 1015193326.0, 950361769.0], [533259490.0, 484522620.0, 425422252.0, 415357538.0, 383459314.0, 304213468.0, 281181099.8299878, 269563371.0, 266429811.0, 156693384.0, 130414861.0], [90344582.0, 81610989.0, 81114769.0, 78437249.0, 59910690.0, 52973611.0, 51783319.0, 40892366.0, 36865560.0, 25155840.0, 17317342.0, 16401214.0, 11568056.0, 10935467.267612405, 8482128.0, 8170000.0, 6295567.0, 5337522.960134428, 4776001.0, 3035698.0, 2793549.0, 1170000.0, 923500.0, 559084.0, 401801.0, 330260.0, 252683.0, 250000.0, 197044.0, 191796.0, 138940.0, 132194.0, 118476.0, 112585.0, 96025.0, 95595.0, 92944.0, 40920.0, 34350.0, 33861.0, 33673.0, 31323, 30000.0, 25850.0, 25418.0, 23000.0, 22000, 19241.0, 9904.0, 8264.0, 5850.0, 2352.0, 2186.0, 2092.0, 1354.0, 1154.0, 1039.0, 1000.0, 750.0, 542.0, 457.0, 379.0, 286.0, 270.0, 155, 120.0, 95.0, 70.0, 64.0, 51.0, 32.0, 30.0, 29.0, 25, 25.0, 22.0, 11.0, 10.0, 9.0, 7.0, 4.0, 3.0, 3.0, 2.0, 2.0, 2.0, 2.0, 2.0, 1.0, 1.0, 0, 0, 0, 0, 0, 0, 0, 0, 0, 0, 0, 0, 0, 0]]}, "OS": {"layer": 6, "cluster": [[4367203435.0], [3938185372.0], [2192478361.0], [839554071.0, 737582023.0, 707475262.0, 684386658.0, 643337669.0, 638470848.0, 608157841.0], [537822700.0, 505616684.0, 494844052.0, 443310061.0, 435918844.0], [350576961.5677662, 310653267.0, 279754633.0, 262047650.0, 206782782.0, 181700881.0, 174569826.0, 159585296.0, 137719740.0, 131722878.0, 122795345.0, 80067106.0, 63637896.0, 58702668.0, 56025301.0, 51633344, 50391620.0, 46877570.0, 46130103.0, 46029597.0, 44010268.0, 42596940.0, 40236387.0, 36607785.0, 31815616.0, 31640408.0, 31559643.0, 29692983.0, 27607112.0, 24704476.0, 22834750.0, 19681517.0, 17199847.0, 12179757.0, 10234306.0, 7718823.0, 5643925.0, 4138099.0, 3384904.692241492, 3115478.0, 2666541.0, 2507515.0, 2440088.0, 2386559, 2150168.0, 2059404.0, 1361555.0, 909038.0, 797548.0, 531678.0, 517484.0, 396644.0, 183535.0, 115551.0, 85001.0, 81250, 64930.0, 52559.0, 49098.0, 40400.0, 23129.0, 9029.0, 4330.0, 2638.0, 1210.0, 900.0, 659.0, 510.0, 411.0, 87.0, 68.0, 6.0, 6.0, 1.0, 1.0, 1.0, 0, 0, 0, 0, 0, 0, 0, 0, 0, 0, 0, 0, 0, 0, 0, 0, 0, 0, 0, 0, 0, 0, 0, 0, 0, 0, 0, 0, 0, 0, 0]]}, "BC": {"layer": 6, "cluster": [[0.21967926761374257], [0.09175886853792578], [0.07478345021927464, 0.06469769818442246, 0.05710918896787571], [0.04432755220257876, 0.038904067812675844, 0.03349201354489249, 0.02942740973819187], [0.02658519806494929, 0.02413140537784671, 0.021801220260275946, 0.02179995951888463, 0.021361376014330608, 0.021033818786542986, 0.01841300494884317, 0.018286980740797685, 0.01792180470881195, 0.017293712569441386, 0.016832340093359887, 0.01573946500565232, 0.01460483006700973], [0.012700801274719214, 0.011607513878962868, 0.011315023087117092, 0.01011303553875413, 0.009086322283310104, 0.008981475770874258, 0.008779593151211232, 0.008358474693519385, 0.008165460891011852, 0.007231404958677684, 0.0070764189514189516, 0.006731357094372287, 0.006541375299853969, 0.004973443842798667, 0.004808127492756859, 0.0038589198144983266, 0.003014222735907811, 0.002888701412244257, 0.0024533621952138925, 0.002422737577696255, 0.0019838390227689914, 0.0017107548519383583, 0.0016446435465840743, 0.0014109751971322216, 0.0013010748306891554, 0.0012848999648422614, 0.0012345577612445562, 0.0009881670148937885, 0.0007811122993123477, 0.0004326858600455817, 0.0003409340321583384, 0.00033321974987774854, 0.0002936835891381346, 0.0002567066771612226, 0.00020530720427414638, 0.00019948992817631352, 0.0001606978879706152, 0.0001584022038567493, 0.00012602022483445408, 0.00010152936289299926, 5.6000779141274996e-05, 5.567033976124884e-05, 4.7717434081070436e-05, 4.722550177095631e-05, 4.057043088663641e-05, 3.402343090787639e-05, 0.0, 0.0, 0.0, 0.0, 0.0, 0.0, 0.0, 0.0, 0.0, 0.0, 0.0, 0.0, 0.0, 0.0, 0.0, 0.0, 0.0, 0.0, 0.0, 0.0, 0.0, 0.0, 0.0, 0.0, 0.0, 0.0, 0.0, 0.0, 0.0, 0.0, 0.0, 0.0, 0.0, 0.0, 0.0, 0.0, 0.0, 0.0, 0.0, 0.0, 0.0, 0.0, 0.0, 0.0, 0.0, 0.0, 0.0, 0.0, 0.0, 0.0, 0.0, 0.0, 0.0, 0.0]]}, "DC": {"layer": 6, "cluster": [[0.743801652892562], [0.4545454545454546, 0.4049586776859504, 0.39669421487603307], [0.3553719008264463, 0.3553719008264463, 0.33884297520661155, 0.33884297520661155, 0.33884297520661155], [0.2892561983471075, 0.2727272727272727, 0.2727272727272727, 0.24793388429752067, 0.2396694214876033, 0.23140495867768596, 0.23140495867768596, 0.2231404958677686, 0.21487603305785125, 0.21487603305785125, 0.2066115702479339, 0.2066115702479339, 0.2066115702479339, 0.19834710743801653, 0.19008264462809918], [0.18181818181818182, 0.17355371900826447, 0.1652892561983471, 0.15702479338842976, 0.1487603305785124, 0.14049586776859505, 0.14049586776859505, 0.1322314049586777, 0.1322314049586777, 0.1322314049586777, 0.11570247933884298, 0.11570247933884298, 0.10743801652892562, 0.09917355371900827, 0.09090909090909091, 0.09090909090909091, 0.09090909090909091, 0.08264462809917356, 0.08264462809917356, 0.0743801652892562, 0.0743801652892562], [0.06611570247933884, 0.05785123966942149, 0.05785123966942149, 0.05785123966942149, 0.05785123966942149, 0.05785123966942149, 0.049586776859504134, 0.049586776859504134, 0.049586776859504134, 0.049586776859504134, 0.049586776859504134, 0.04132231404958678, 0.04132231404958678, 0.04132231404958678, 0.04132231404958678, 0.04132231404958678, 0.03305785123966942, 0.03305785123966942, 0.03305785123966942, 0.03305785123966942, 0.03305785123966942, 0.024793388429752067, 0.024793388429752067, 0.024793388429752067, 0.024793388429752067, 0.024793388429752067, 0.024793388429752067, 0.024793388429752067, 0.024793388429752067, 0.024793388429752067, 0.01652892561983471, 0.01652892561983471, 0.01652892561983471, 0.01652892561983471, 0.01652892561983471, 0.01652892561983471, 0.01652892561983471, 0.01652892561983471, 0.01652892561983471, 0.01652892561983471, 0.01652892561983471, 0.01652892561983471, 0.01652892561983471, 0.01652892561983471, 0.01652892561983471, 0.01652892561983471, 0.01652892561983471, 0.01652892561983471, 0.01652892561983471, 0.01652892561983471, 0.008264462809917356, 0.008264462809917356, 0.008264462809917356, 0.008264462809917356, 0.008264462809917356, 0.008264462809917356, 0.008264462809917356, 0.008264462809917356, 0.008264462809917356, 0.008264462809917356, 0.008264462809917356, 0.008264462809917356, 0.008264462809917356, 0.008264462809917356, 0.008264462809917356, 0.008264462809917356, 0.008264462809917356, 0.008264462809917356, 0.008264462809917356, 0.008264462809917356, 0.008264462809917356, 0.008264462809917356, 0.008264462809917356, 0.008264462809917356, 0.008264462809917356, 0.008264462809917356, 0.008264462809917356]]}, "CC": {"layer": 6,