{"IS": {"layer": 6, "cluster": [[8592366233.896832], [2195781950.2111254], [1401679589.0, 1374690315.0], [1130712357.0, 1015193326.0, 950361769.0], [533259490.0, 484522620.0, 425422252.0, 415357538.0, 383459314.0, 304213468.0, 280721260.7765375, 269563371.0, 266429811.0, 156693384.0, 130414861.0], [90344582.0, 81114769.0, 78437249.0, 59910690.0, 52971927.0, 51783319.0, 40892366.0, 36860420.0, 25155840.0, 17317342.0, 16401214.0, 11568056.0, 10934200.569424387, 8482128.0, 8170000.0, 6295567.0, 5335521.22073728, 4776001.0, 3035698.0, 2793549.0, 1170000.0, 913577.0, 559084.0, 401801.0, 330260.0, 252683.0, 250000.0, 197044.0, 191796.0, 138890.0, 132194.0, 118476.0, 112585.0, 96025.0, 95595.0, 92944.0, 40920.0, 34350.0, 33861.0, 33673.0, 31323, 30000.0, 25850.0, 25418.0, 23000.0, 22000, 19241.0, 9904.0, 8264.0, 5850.0, 2352.0, 2186.0, 2092.0, 1354.0, 1154.0, 1039.0, 1000.0, 750.0, 457.0, 442.0, 379.0, 286.0, 270.0, 155, 120.0, 95.0, 70.0, 64.0, 51.0, 30.0, 29.0, 25, 25.0, 22.0, 16.0, 11.0, 10.0, 9.0, 7.0, 4.0, 3.0, 3.0, 2.0, 2.0, 2.0, 2.0, 2.0, 1.0, 1.0, 0, 0, 0, 0, 0, 0, 0, 0, 0, 0, 0, 0, 0, 0]]}, "OS": {"layer": 6, "cluster": [[4355435386.0], [3921890248.0], [2192478361.0], [839554071.0, 737582023.0, 707417914.0, 668596760.0, 639017619.0, 638470815.0, 608157841.0], [537646466.0, 505616684.0, 494844052.0, 443310061.0, 435918843.0, 350114839.00675833, 282519887.0, 279754633.0, 262047650.0], [206782781.0, 181700881.0, 174569826.0, 159585296.0, 137719740.0, 131722859.0, 117724677.0, 80067106.0, 63637896.0, 58702668.0, 56025301.0, 51633344, 50391620.0, 46130103.0, 46029556.0, 44010150.0, 42596940.0, 40236387.0, 36607785.0, 31815616.0, 31640408.0, 31559643.0, 29692969.0, 27607112.0, 24704476.0, 22834750.0, 19681517.0, 17199847.0, 12179749.0, 10234306.0, 7718823.0, 5643925.0, 4138099.0, 3379162.667896997, 3115478.0, 2666541.0, 2507513.0, 2440088.0, 2386559, 2150168.0, 2059404.0, 1361555.0, 909038.0, 797548.0, 531678.0, 517484.0, 396644.0, 183535.0, 115551.0, 85001.0, 81250, 64930.0, 52559.0, 49098.0, 40400.0, 23129.0, 9029.0, 4330.0, 2638.0, 1210.0, 900.0, 659.0, 510.0, 411.0, 87.0, 68.0, 6.0, 6.0, 1.0, 1.0, 0, 0, 0, 0, 0, 0, 0, 0, 0, 0, 0, 0, 0, 0, 0, 0, 0, 0, 0, 0, 0, 0, 0, 0, 0, 0, 0, 0, 0, 0, 0, 0]]}, "BC": {"layer": 6, "cluster": [[0.22461409092982715], [0.09159619383722115], [0.07503229425548011, 0.062450593890254015, 0.061711590936764454], [0.046189596296420825], [0.036780483581154405, 0.033342938969989085, 0.030183041041129604, 0.028326332521105578, 0.027727310218378376, 0.02205306961779312, 0.021864291105820267, 0.021842310446373588, 0.020620695334277118, 0.018062481096513927, 0.01718019310041486, 0.01678872258962461, 0.01614241783877982, 0.014618333242858252, 0.014615347186803402, 0.013456324510144653, 0.011709128283810015, 0.011125178804733986], [0.009426956928485403, 0.009319007628214459, 0.009151616948521438, 0.008867593787430142, 0.008779173050252552, 0.00838955617527124, 0.007440761062168981, 0.007282913165266106, 0.00721633614186688, 0.006782098475538309, 0.005500702823932337, 0.0050081223814540665, 0.00392647825771075, 0.003066030335968619, 0.0025693620145092683, 0.002403149682561447, 0.0023721315963654076, 0.0017965538155719492, 0.001793964974580874, 0.001749807977417442, 0.0014211533486743566, 0.0012878738374370129, 0.0012566629236244445, 0.0011069947894025351, 0.0010240106071271354, 0.0007313135195551622, 0.0005715624549094471, 0.00034218495153907815, 0.0003374493754231461, 0.0003079565159397092, 0.0002666900093370681, 0.00020284270007843645, 0.00019866642309097551, 0.00016339869281045748, 0.00015639589169000933, 0.00011529611844737894, 8.13658796852074e-05, 5.694196870667458e-05, 5.660597572362277e-05, 5.252100840336134e-05, 3.10938527158519e-05, 0.0, 0.0, 0.0, 0.0, 0.0, 0.0, 0.0, 0.0, 0.0, 0.0, 0.0, 0.0, 0.0, 0.0, 0.0, 0.0, 0.0, 0.0, 0.0, 0.0, 0.0, 0.0, 0.0, 0.0, 0.0, 0.0, 0.0, 0.0, 0.0, 0.0, 0.0, 0.0, 0.0, 0.0, 0.0, 0.0, 0.0, 0.0, 0.0, 0.0, 0.0, 0.0, 0.0, 0.0, 0.0, 0.0, 0.0, 0.0, 0.0, 0.0, 0.0, 0.0, 0.0, 0.0, 0.0, 0.0]]}, "DC": {"layer": 6, "cluster": [[0.7416666666666667], [0.425, 0.4083333333333333, 0.39166666666666666], [0.35, 0.3416666666666667, 0.3416666666666667, 0.3333333333333333, 0.325], [0.2833333333333333, 0.26666666666666666, 0.26666666666666666, 0.25, 0.23333333333333334, 0.23333333333333334, 0.225, 0.21666666666666667, 0.21666666666666667, 0.20833333333333334, 0.2, 0.2, 0.2, 0.19166666666666665, 0.18333333333333332, 0.175, 0.16666666666666666], [0.15, 0.14166666666666666, 0.14166666666666666, 0.14166666666666666, 0.13333333333333333, 0.13333333333333333, 0.125, 0.11666666666666667, 0.1, 0.1, 0.09166666666666666, 0.09166666666666666, 0.08333333333333333, 0.08333333333333333, 0.08333333333333333, 0.08333333333333333], [0.075, 0.06666666666666667, 0.06666666666666667, 0.058333333333333334, 0.058333333333333334, 0.058333333333333334, 0.058333333333333334, 0.05, 0.05, 0.05, 0.05, 0.041666666666666664, 0.041666666666666664, 0.041666666666666664, 0.041666666666666664, 0.041666666666666664, 0.041666666666666664, 0.041666666666666664, 0.03333333333333333, 0.03333333333333333, 0.03333333333333333, 0.03333333333333333, 0.025, 0.025, 0.025, 0.025, 0.025, 0.025, 0.025, 0.025, 0.016666666666666666, 0.016666666666666666, 0.016666666666666666, 0.016666666666666666, 0.016666666666666666, 0.016666666666666666, 0.016666666666666666, 0.016666666666666666, 0.016666666666666666, 0.016666666666666666, 0.016666666666666666, 0.016666666666666666, 0.016666666666666666, 0.016666666666666666, 0.016666666666666666, 0.016666666666666666, 0.016666666666666666, 0.016666666666666666, 0.016666666666666666, 0.016666666666666666, 0.016666666666666666, 0.016666666666666666, 0.008333333333333333, 0.008333333333333333, 0.008333333333333333, 0.008333333333333333, 0.008333333333333333, 0.008333333333333333, 0.008333333333333333, 0.008333333333333333, 0.008333333333333333, 0.008333333333333333, 0.008333333333333333, 0.008333333333333333, 0.008333333333333333, 0.008333333333333333, 0.008333333333333333, 0.008333333333333333, 0.008333333333333333, 0.008333333333333333, 0.008333333333333333, 0.008333333333333333, 0.008333333333333333, 0.008333333333333333, 0.008333333333333333, 0.008333333333333333, 0.008333333333333333, 0.008333333333333333, 0.008333333333333333]]}, "CC": {"layer": 6,