{"IS": {"layer": 6, "cluster": [[10226624340], [2199760838], [1316015645, 1253237090, 1206561840], [1036787726, 931880948], [547990576, 375598592, 360939797, 316206649, 287663074], [203050477, 177482343, 169734174, 155963123, 151625902, 150070138, 84289328, 72395652, 69035632, 53196380, 51863913, 39313311, 38929767, 36049191, 31891638, 26935512, 21307045, 18356052, 15557177, 13432895, 12567122, 12059936, 12055950, 11010000, 10501455, 7074068, 7048038, 3829550, 1342354, 1091976, 768688, 567252, 530862, 437350, 327988, 280458, 189394, 178521, 152424, 130000, 115375, 94450, 84889, 67000, 62291, 57216, 48000, 35508, 34525, 26405, 24226, 21367, 20180, 19115, 11609, 11117, 10853, 9513, 4704, 2539, 1580, 1576, 1562, 1372, 1305, 1284, 1001, 779, 590, 428, 350, 300, 209, 192, 178, 150, 120, 95, 27, 25, 25, 25, 24, 10, 10, 10, 9, 8, 7, 2, 2, 2, 2, 1, 1, 0, 0, 0, 0, 0, 0, 0, 0, 0, 0, 0, 0, 0, 0, 0]]}, "OS": {"layer": 6, "cluster": [[4496991705], [3865226989], [2185867849], [1368240953], [892072430, 842986254, 807875492, 798181995, 713310494, 689845203], [472092270, 409687066, 406502540, 354341100, 336260640, 326050392, 286722699, 269599310, 254747486, 195103694, 178051589, 168211842, 136106174, 133736806, 120963302, 100656721, 86611010, 80883392, 58614953, 51713217, 48823403, 48306213, 46840933, 46785626, 45478501, 42803924, 42049685, 33417593, 31230038, 29558548, 18098555, 17734697, 15928629, 13886203, 13744454, 13638054, 12693812, 12166564, 12016807, 10651037, 9793146, 8673513, 7920314, 7446695, 7215953, 6495848, 5934056, 3817395, 3664294, 3415110, 3312131, 2822935, 2356050, 1451566, 846076, 559277, 551570, 478857, 379888, 340679, 324296, 307140, 293717, 266206, 222826, 152634, 137809, 121422, 117504, 50000, 38925, 25000, 9072, 8150, 5010, 209, 150, 16, 3, 3, 2, 2, 2, 0, 0, 0, 0, 0, 0, 0, 0, 0, 0, 0, 0, 0, 0, 0, 0, 0, 0, 0, 0, 0, 0, 0, 0, 0, 0, 0, 0, 0]]}, "BC": {"layer": 6, "cluster": [[0.2394240535182763], [0.08019271856811185], [0.06682699550186127, 0.06483634683323196], [0.05284726066210309, 0.04870519136510022, 0.041399715111386945], [0.030575839472799553, 0.027005754091121045, 0.02551098950155266, 0.02539476998875637, 0.023250199206859404, 0.022817088245850256, 0.020199427321031842, 0.019900809699069887, 0.01938490927473181, 0.018338344860146256, 0.017788241479653095, 0.016654315025983513, 0.015673713712182805, 0.014250994289430115, 0.01375899580763022, 0.01244455078132764, 0.012258329058413026], [0.009874415600398168, 0.009348455852501922, 0.00906115146211168, 0.008571442712941761, 0.008537916875878179, 0.008052927767157, 0.008025358250528596, 0.007093663911845728, 0.006934083690266536, 0.006580867929506249, 0.006354964368032152, 0.00606060606060606, 0.006054866850321396, 0.0059278049029828465, 0.0052612014011829715, 0.003933359986958463, 0.0034576746959710317, 0.002861189534745757, 0.002808908399694097, 0.0022813682346654015, 0.002254895069835697, 0.0012597448226034892, 0.0011826631816301233, 0.001093559070260888, 0.0007998861534025768, 0.0007320961866416411, 0.0007228629955902681, 0.0005742705007410889, 0.0005300803704229456, 0.0004232908242728805, 0.00034337132767848735, 0.00030440575927077017, 0.00025955748647088923, 0.0001979287004946829, 0.0001559929969020878, 0.00015304560759106213, 0.0001377410468319559, 0.00013418399782036145, 0.00010330578512396694, 9.73500163677802e-05, 9.108737642198183e-05, 5.7392102846648294e-05, 4.263413354322445e-05, 2.7548209366391182e-05, 2.7056277056277053e-05, 2.2956841138659316e-05, 0.0, 0.0, 0.0, 0.0, 0.0, 0.0, 0.0, 0.0, 0.0, 0.0, 0.0, 0.0, 0.0, 0.0, 0.0, 0.0, 0.0, 0.0, 0.0, 0.0, 0.0, 0.0, 0.0, 0.0, 0.0, 0.0, 0.0, 0.0, 0.0, 0.0, 0.0, 0.0, 0.0, 0.0, 0.0, 0.0, 0.0, 0.0, 0.0, 0.0, 0.0, 0.0, 0.0, 0.0, 0.0, 0.0, 0.0, 0.0, 0.0, 0.0, 0.0, 0.0]]}, "DC": {"layer": 6, "cluster": [[0.7768595041322315], [0.4545454545454546, 0.4132231404958678], [0.38016528925619836, 0.3553719008264463, 0.3553719008264463, 0.3305785123966942, 0.30578512396694213, 0.30578512396694213, 0.2975206611570248], [0.2644628099173554, 0.2396694214876033, 0.23140495867768596, 0.2231404958677686, 0.19834710743801653, 0.19834710743801653, 0.19008264462809918, 0.18181818181818182, 0.18181818181818182, 0.18181818181818182, 0.18181818181818182, 0.18181818181818182, 0.18181818181818182, 0.18181818181818182, 0.18181818181818182, 0.1652892561983471, 0.1652892561983471, 0.15702479338842976], [0.14049586776859505, 0.1322314049586777, 0.1322314049586777, 0.1322314049586777, 0.1322314049586777, 0.11570247933884298, 0.11570247933884298, 0.11570247933884298, 0.11570247933884298, 0.10743801652892562, 0.10743801652892562, 0.09917355371900827, 0.09917355371900827, 0.09090909090909091], [0.08264462809917356, 0.0743801652892562, 0.0743801652892562, 0.06611570247933884, 0.06611570247933884, 0.05785123966942149, 0.05785123966942149, 0.05785123966942149, 0.05785123966942149, 0.049586776859504134, 0.049586776859504134, 0.049586776859504134, 0.04132231404958678, 0.04132231404958678, 0.04132231404958678, 0.04132231404958678, 0.04132231404958678, 0.04132231404958678, 0.04132231404958678, 0.04132231404958678, 0.03305785123966942, 0.03305785123966942, 0.03305785123966942, 0.03305785123966942, 0.024793388429752067, 0.024793388429752067, 0.024793388429752067, 0.024793388429752067, 0.024793388429752067, 0.024793388429752067, 0.024793388429752067, 0.024793388429752067, 0.024793388429752067, 0.024793388429752067, 0.024793388429752067, 0.024793388429752067, 0.01652892561983471, 0.01652892561983471, 0.01652892561983471, 0.01652892561983471, 0.01652892561983471, 0.01652892561983471, 0.01652892561983471, 0.01652892561983471, 0.01652892561983471, 0.01652892561983471, 0.01652892561983471, 0.01652892561983471, 0.01652892561983471, 0.01652892561983471, 0.01652892561983471, 0.01652892561983471, 0.01652892561983471, 0.01652892561983471, 0.01652892561983471, 0.008264462809917356, 0.008264462809917356, 0.008264462809917356, 0.008264462809917356, 0.008264462809917356, 0.008264462809917356, 0.008264462809917356, 0.008264462809917356, 0.008264462809917356, 0.008264462809917356, 0.008264462809917356, 0.008264462809917356, 0.008264462809917356, 0.008264462809917356, 0.008264462809917356, 0.008264462809917356, 0.008264462809917356, 0.008264462809917356, 0.008264462809917356, 0.008264462809917356, 0.008264462809917356, 0.008264462809917356, 0.008264462809917356, 0.008264462809917356, 0.008264462809917356]]}, "CC": {"layer": 6,