{"IS": {"layer": 6, "cluster": [[10154474689], [2199760838], [1313861305, 1240981735, 1206561840], [1036746705, 931880948], [547990576, 375598592, 360939797, 316206649, 287663074], [203050477, 177482343, 169734174, 155963123, 151625902, 150070138, 84289328, 72395652, 69035632, 53196380, 51863913, 39313311, 38929767, 31891638, 26925226, 21307045, 18356052, 15557177, 13432895, 12567122, 12059936, 12055950, 11010000, 10501455, 7074068, 7048038, 3829210, 1342354, 1091976, 768688, 567241, 530862, 437350, 327988, 280458, 189394, 178521, 152424, 130000, 115375, 94450, 84889, 67000, 62291, 57216, 48000, 35508, 34525, 26405, 24220, 21367, 20180, 19115, 11609, 11117, 10853, 9513, 4704, 2539, 1580, 1576, 1562, 1372, 1305, 1284, 1001, 779, 590, 428, 350, 300, 209, 192, 178, 150, 120, 95, 27, 25, 25, 25, 24, 10, 10, 10, 9, 8, 7, 2, 2, 2, 1, 1, 0, 0, 0, 0, 0, 0, 0, 0, 0, 0, 0, 0, 0, 0]]}, "OS": {"layer": 6, "cluster": [[4493563386], [3859172632], [2185867849], [1368240953], [892072430, 842945790, 798181995, 793736913, 713310484, 689772883], [472092270, 409687066, 406502535, 354341100, 326050392, 323945620, 286722671, 269599310, 254747485, 195103694, 178051589, 168211834, 136106174, 133736806, 120963302, 100656721, 80883392, 58614949, 51713215, 48823403, 48306213, 46840933, 46785626, 45478501, 42803921, 42049685, 33417590, 31230038, 29558548, 18098555, 17734697, 15928629, 13886203, 13744454, 13638054, 12693812, 12166564, 12016807, 10651037, 9793136, 8673513, 7920293, 7446695, 7215953, 6495848, 5934056, 3817395, 3664294, 3415074, 3312131, 2822935, 2356050, 1451566, 846076, 559276, 551570, 478857, 379888, 340679, 324296, 307140, 293717, 266206, 222826, 152634, 137809, 121422, 117504, 50000, 38925, 25000, 9072, 8150, 5010, 209, 150, 16, 3, 3, 2, 2, 0, 0, 0, 0, 0, 0, 0, 0, 0, 0, 0, 0, 0, 0, 0, 0, 0, 0, 0, 0, 0, 0, 0, 0, 0, 0, 0, 0]]}, "BC": {"layer": 6, "cluster": [[0.2513081907316006], [0.07176065397469047, 0.0704752491778237, 0.06808121978557408], [0.05347420908570602, 0.048661402038345444, 0.044291790186810606], [0.03722649241996452, 0.03587322028832017], [0.02823887313010459, 0.02665838043281004, 0.02632122370433917, 0.021630276695283255, 0.021436966018949035, 0.021034108262622832, 0.020560448427187784, 0.01964059700182169, 0.018566115645400658, 0.017451260053556582, 0.01632706751133522, 0.016044302009483386, 0.01539351686975367, 0.014843445150600609, 0.012970251394334744, 0.012928150590902741], [0.009851961296410805, 0.009697856486321254, 0.00961121613412379, 0.00937215679194865, 0.008967304362063552, 0.008772746505893486, 0.008415627804780198, 0.00824749065459626, 0.00813412121227256, 0.007388092133854846, 0.007356456423736703, 0.00630160799652325, 0.0062955719735380755, 0.005422105044587052, 0.004172105774796016, 0.003981197634888297, 0.0037384652670861503, 0.0032860831562578083, 0.0026917674869074582, 0.002666490245420634, 0.002375572986866636, 0.002214428208997894, 0.0013648655564254917, 0.0011659181366089771, 0.0008818670451293946, 0.0007699577451859067, 0.0005803541041218812, 0.00046499064860646767, 0.00039873549760555414, 0.0003647730219078925, 0.0003547379816850756, 0.00027604745118869407, 0.00020868961546927648, 0.00018108068955526583, 0.00016406043133552911, 0.0001411235439918621, 0.00010864841373315949, 0.00010575884109130523, 6.036022985175527e-05, 4.828818388140421e-05, 3.621613791105316e-05, 2.84555369301132e-05, 2.4144091940702106e-05, 2.4144091940702106e-05, 0.0, 0.0, 0.0, 0.0, 0.0, 0.0, 0.0, 0.0, 0.0, 0.0, 0.0, 0.0, 0.0, 0.0, 0.0, 0.0, 0.0, 0.0, 0.0, 0.0, 0.0, 0.0, 0.0, 0.0, 0.0, 0.0, 0.0, 0.0, 0.0, 0.0, 0.0, 0.0, 0.0, 0.0, 0.0, 0.0, 0.0, 0.0, 0.0, 0.0, 0.0, 0.0, 0.0, 0.0, 0.0, 0.0, 0.0, 0.0, 0.0, 0.0]]}, "DC": {"layer": 6, "cluster": [[0.771186440677966], [0.4491525423728814], [0.3983050847457627, 0.3728813559322034, 0.3559322033898305, 0.3305084745762712, 0.3305084745762712, 0.2966101694915254, 0.288135593220339, 0.288135593220339], [0.2542372881355932, 0.2457627118644068, 0.2288135593220339, 0.19491525423728814, 0.19491525423728814, 0.19491525423728814, 0.1864406779661017, 0.1864406779661017, 0.1864406779661017, 0.1864406779661017, 0.1864406779661017, 0.17796610169491525, 0.17796610169491525, 0.17796610169491525, 0.1694915254237288, 0.1694915254237288, 0.16101694915254236], [0.1440677966101695, 0.13559322033898305, 0.13559322033898305, 0.13559322033898305, 0.1271186440677966, 0.11864406779661017, 0.11864406779661017, 0.11016949152542373, 0.11016949152542373, 0.11016949152542373, 0.1016949152542373, 0.1016949152542373, 0.09322033898305085], [0.0847457627118644, 0.07627118644067797, 0.07627118644067797, 0.07627118644067797, 0.06779661016949153, 0.06779661016949153, 0.059322033898305086, 0.059322033898305086, 0.059322033898305086, 0.05084745762711865, 0.05084745762711865, 0.05084745762711865, 0.05084745762711865, 0.0423728813559322, 0.0423728813559322, 0.0423728813559322, 0.0423728813559322, 0.0423728813559322, 0.0423728813559322, 0.0423728813559322, 0.03389830508474576, 0.03389830508474576, 0.03389830508474576, 0.03389830508474576, 0.025423728813559324, 0.025423728813559324, 0.025423728813559324, 0.025423728813559324, 0.025423728813559324, 0.025423728813559324, 0.025423728813559324, 0.025423728813559324, 0.025423728813559324, 0.025423728813559324, 0.025423728813559324, 0.025423728813559324, 0.025423728813559324, 0.01694915254237288, 0.01694915254237288, 0.01694915254237288, 0.01694915254237288, 0.01694915254237288, 0.01694915254237288, 0.01694915254237288, 0.01694915254237288, 0.01694915254237288, 0.01694915254237288, 0.01694915254237288, 0.01694915254237288, 0.01694915254237288, 0.01694915254237288, 0.01694915254237288, 0.01694915254237288, 0.01694915254237288, 0.01694915254237288, 0.01694915254237288, 0.00847457627118644, 0.00847457627118644, 0.00847457627118644, 0.00847457627118644, 0.00847457627118644, 0.00847457627118644, 0.00847457627118644, 0.00847457627118644, 0.00847457627118644, 0.00847457627118644, 0.00847457627118644, 0.00847457627118644, 0.00847457627118644, 0.00847457627118644, 0.00847457627118644, 0.00847457627118644, 0.00847457627118644, 0.00847457627118644, 0.00847457627118644, 0.00847457627118644, 0.00847457627118644, 0.00847457627118644, 0.00847457627118644]]}, "CC": {"layer": 6,