{"IS": {"layer": 6, "cluster": [[10226624340], [2199760838], [1316015645, 1253237090, 1206561840], [1036787726, 931880948], [547990576, 375598592, 360939797, 316206649, 287663074], [203050477, 177482343, 169734174, 155963123, 151625902, 150070138, 84289328, 72395652, 69035632, 53196380, 51863913, 39313311, 38929767, 36049191, 31891638, 26935512, 21307045, 18356052, 15557177, 13432895, 12567122, 12059936, 12055950, 11010000, 10501455, 7074068, 7048038, 3829550, 1342354, 1091976, 768688, 567252, 530862, 437350, 327988, 280458, 189394, 178521, 152424, 130000, 115375, 94450, 84889, 67000, 62291, 57216, 48000, 35508, 34525, 26405, 24226, 21367, 20180, 19115, 11609, 11117, 10853, 9513, 4704, 2539, 1580, 1576, 1562, 1372, 1305, 1284, 1001, 779, 590, 428, 350, 300, 209, 192, 178, 150, 120, 95, 27, 25, 25, 25, 24, 10, 10, 10, 9, 8, 7, 2, 2, 2, 2, 1, 1, 0, 0, 0, 0, 0, 0, 0, 0, 0, 0, 0, 0, 0, 0, 0]]}, "OS": {"layer": 6, "cluster": [[4496991705], [3865226989], [2185867849], [1368240953], [892072430, 842986254, 807875492, 798181995, 713310494, 689845203], [472092270, 409687066, 406502540, 354341100, 336260640, 326050392, 286722699, 269599310, 254747486, 195103694, 178051589, 168211842, 136106174, 133736806, 120963302, 100656721, 86611010, 80883392, 58614953, 51713217, 48823403, 48306213, 46840933, 46785626, 45478501, 42803924, 42049685, 33417593, 31230038, 29558548, 18098555, 17734697, 15928629, 13886203, 13744454, 13638054, 12693812, 12166564, 12016807, 10651037, 9793146, 8673513, 7920314, 7446695, 7215953, 6495848, 5934056, 3817395, 3664294, 3415110, 3312131, 2822935, 2356050, 1451566, 846076, 559277, 551570, 478857, 379888, 340679, 324296, 307140, 293717, 266206, 222826, 152634, 137809, 121422, 117504, 50000, 38925, 25000, 9072, 8150, 5010, 209, 150, 16, 3, 3, 2, 2, 2, 0, 0, 0, 0, 0, 0, 0, 0, 0, 0, 0, 0, 0, 0, 0, 0, 0, 0, 0, 0, 0, 0, 0, 0, 0, 0, 0, 0, 0]]}, "BC": {"layer": 6, "cluster": [[0.23919787683401578], [0.06831841108957042, 0.06765958566240032, 0.06551040853595391], [0.05302297839933731, 0.04773571836349348, 0.04289626083638059], [0.0343124174858189, 0.031104329982407773, 0.0263677174552189, 0.025460570276078436, 0.024745303033204345], [0.020630406850901395, 0.02036748567571174, 0.01978724835991455, 0.019601097817868753, 0.018517869599477755, 0.017852731012349125, 0.016632971529089245, 0.015594361044284924, 0.015508943522194165, 0.014404772729944008, 0.014251281249944351, 0.012492199393569553, 0.012251662471501376], [0.010038801129528837, 0.009599147536115614, 0.009563621077544947, 0.009288114469170657, 0.009188586723608342, 0.00872421037982018, 0.00859099509030951, 0.008054228008541916, 0.007919067216071348, 0.007778867524865798, 0.00709366391184573, 0.00706620050527568, 0.00606060606060606, 0.006054866850321396, 0.005146186519196358, 0.004080753998085532, 0.003966661546843465, 0.0037467233338215364, 0.003116071021485258, 0.002593189267583363, 0.0025144705464966205, 0.0023625078712648765, 0.002253497291634541, 0.0012977502666673788, 0.0011016871517806602, 0.0008395233167661001, 0.0007320961866416411, 0.0006172336297356431, 0.00043416603200373494, 0.00036828599002370206, 0.0003635712274716636, 0.0003147911844051877, 0.0002613800341073068, 0.00019842760545239882, 0.00017217630853994488, 0.0001559929969020878, 0.00013418399782036145, 0.00010330578512396694, 9.909919551044237e-05, 9.200956170653138e-05, 5.7392102846648294e-05, 4.591368227731863e-05, 2.7056277056277053e-05, 2.2956841138659316e-05, 2.2956841138659316e-05, 0.0, 0.0, 0.0, 0.0, 0.0, 0.0, 0.0, 0.0, 0.0, 0.0, 0.0, 0.0, 0.0, 0.0, 0.0, 0.0, 0.0, 0.0, 0.0, 0.0, 0.0, 0.0, 0.0, 0.0, 0.0, 0.0, 0.0, 0.0, 0.0, 0.0, 0.0, 0.0, 0.0, 0.0, 0.0, 0.0, 0.0, 0.0, 0.0, 0.0, 0.0, 0.0, 0.0, 0.0, 0.0, 0.0, 0.0, 0.0, 0.0, 0.0, 0.0, 0.0]]}, "DC": {"layer": 6, "cluster": [[0.768595041322314], [0.4462809917355372, 0.39669421487603307, 0.38016528925619836], [0.3553719008264463, 0.33884297520661155, 0.3305785123966942, 0.30578512396694213, 0.2892561983471075, 0.2892561983471075], [0.24793388429752067, 0.2396694214876033, 0.23140495867768596, 0.2231404958677686, 0.19834710743801653, 0.19008264462809918, 0.19008264462809918, 0.18181818181818182, 0.18181818181818182, 0.18181818181818182, 0.18181818181818182, 0.18181818181818182, 0.18181818181818182, 0.18181818181818182, 0.18181818181818182, 0.1652892561983471, 0.1652892561983471, 0.15702479338842976], [0.14049586776859505, 0.1322314049586777, 0.1322314049586777, 0.1322314049586777, 0.1322314049586777, 0.11570247933884298, 0.11570247933884298, 0.11570247933884298, 0.11570247933884298, 0.10743801652892562, 0.10743801652892562, 0.09917355371900827, 0.09917355371900827, 0.09090909090909091], [0.0743801652892562, 0.0743801652892562, 0.0743801652892562, 0.06611570247933884, 0.06611570247933884, 0.05785123966942149, 0.05785123966942149, 0.05785123966942149, 0.05785123966942149, 0.049586776859504134, 0.049586776859504134, 0.049586776859504134, 0.04132231404958678, 0.04132231404958678, 0.04132231404958678, 0.04132231404958678, 0.04132231404958678, 0.04132231404958678, 0.04132231404958678, 0.03305785123966942, 0.03305785123966942, 0.03305785123966942, 0.03305785123966942, 0.03305785123966942, 0.024793388429752067, 0.024793388429752067, 0.024793388429752067, 0.024793388429752067, 0.024793388429752067, 0.024793388429752067, 0.024793388429752067, 0.024793388429752067, 0.024793388429752067, 0.024793388429752067, 0.024793388429752067, 0.024793388429752067, 0.01652892561983471, 0.01652892561983471, 0.01652892561983471, 0.01652892561983471, 0.01652892561983471, 0.01652892561983471, 0.01652892561983471, 0.01652892561983471, 0.01652892561983471, 0.01652892561983471, 0.01652892561983471, 0.01652892561983471, 0.01652892561983471, 0.01652892561983471, 0.01652892561983471, 0.01652892561983471, 0.01652892561983471, 0.01652892561983471, 0.01652892561983471, 0.008264462809917356, 0.008264462809917356, 0.008264462809917356, 0.008264462809917356, 0.008264462809917356, 0.008264462809917356, 0.008264462809917356, 0.008264462809917356, 0.008264462809917356, 0.008264462809917356, 0.008264462809917356, 0.008264462809917356, 0.008264462809917356, 0.008264462809917356, 0.008264462809917356, 0.008264462809917356, 0.008264462809917356, 0.008264462809917356, 0.008264462809917356, 0.008264462809917356, 0.008264462809917356, 0.008264462809917356, 0.008264462809917356, 0.008264462809917356, 0.008264462809917356]]}, "CC": {"layer": 6,