{"IS": {"layer": 6, "cluster": [[11742200360], [1886889494], [1456719877, 1346058093], [1166323107, 1044197191, 975636505], [427360162, 389776869, 340116695, 303554919, 276955670, 220862048, 218470924, 184558632, 177310053, 171608668, 169194991, 145901466], [102584527, 88270651, 84083490, 73014151, 70620488, 56714295, 55283536, 30313998, 26049792, 25865687, 22229848, 16086447, 13592384, 11856100, 11576793, 10454099, 8879739, 8468756, 6705740, 4891758, 4521660, 3195150, 1083954, 888768, 775941, 540352, 432298, 401815, 289350, 255302, 241917, 205106, 172514, 137159, 117843, 90172, 53740, 51112, 40447, 33179, 27264, 26618, 24000, 23528, 22585, 22337, 18209, 15126, 13008, 6743, 4551, 4094, 4000, 3152, 3126, 2982, 2815, 2480, 2170, 1965, 1963, 1960, 1853, 1079, 1013, 929, 668, 506, 296, 208, 161, 145, 108, 80, 80, 71, 64, 60, 51, 46, 40, 36, 30, 27, 25, 25, 24, 24, 22, 20, 20, 19, 19, 18, 15, 12, 12, 11, 11, 10, 9, 9, 8, 8, 7, 6, 6, 6, 5, 5, 5, 4, 4, 3, 3, 3, 3, 2, 2, 2, 2, 1, 1, 1, 0, 0, 0, 0, 0, 0, 0, 0, 0, 0, 0, 0, 0, 0, 0, 0, 0, 0, 0, 0, 0, 0]]}, "OS": {"layer": 6, "cluster": [[4935213163, 4852474661], [1927201941], [1453833401], [987153896, 868751926, 803805937, 799582144, 715626734], [501502812, 428646690, 360551061, 311677393, 305426911, 305099556, 302586899, 269756347, 258168407, 241296485, 237851658, 236364203, 230862078, 204713089, 178646640, 178628133], [146622423, 122565454, 91863865, 91749035, 84955657, 79593500, 63009076, 55745008, 54884175, 49910144, 48286121, 47303617, 46985006, 44678499, 44117205, 38267097, 35438018, 33949652, 32323765, 32292016, 31502700, 27457321, 25635546, 17636548, 17111318, 15126268, 14335689, 13148032, 11214050, 11103895, 11091755, 10081663, 6801237, 6527919, 6317720, 5847885, 4805231, 1888509, 1846970, 1376785, 1165713, 733938, 717415, 347029, 269897, 176114, 144005, 125359, 101001, 100592, 60450, 51916, 45464, 42752, 36248, 13550, 10353, 7925, 6654, 5586, 5005, 4644, 4536, 2450, 2363, 1972, 1403, 700, 681, 586, 552, 490, 435, 299, 298, 248, 215, 204, 194, 147, 118, 98, 51, 48, 15, 15, 13, 12, 12, 11, 9, 9, 8, 8, 7, 7, 6, 5, 4, 4, 4, 4, 3, 2, 1, 1, 1, 1, 1, 1, 0, 0, 0, 0, 0, 0, 0, 0, 0, 0, 0, 0, 0, 0, 0, 0, 0, 0, 0, 0, 0, 0, 0, 0, 0, 0, 0, 0, 0, 0]]}, "BC": {"layer": 6, "cluster": [[0.5592819215284075], [0.06533990006944328], [0.03321390821744325], [0.02271756646040735, 0.01849989686901643, 0.016361113355021203], [0.011997175323191962, 0.010196808128428974, 0.008989624824341784, 0.008752458054502484, 0.008259746353373384, 0.007927473806151348, 0.006752806344600886, 0.006682148653381632], [0.0052814701821103545, 0.00501271883884483, 0.00501271883884483, 0.004805177262367864, 0.004368494307617141, 0.004246021521366721, 0.003261252761240363, 0.003115481895705646, 0.0028750986054031096, 0.0028281410154548598, 0.0026770252724675164, 0.0026604165033762527, 0.0018238822932783254, 0.00181068848022312, 0.001733825817761352, 0.0015720582383245705, 0.001511469860072768, 0.0014449843600928072, 0.0013332581976350118, 0.001255753101391889, 0.0011945115889600499, 0.0011254971900230026, 0.0010031823885560235, 0.0007772460049250334, 0.0006060423712940208, 0.000547750617940495, 0.0005017235689496739, 0.0004786225428372755, 0.0003919057670179921, 0.0003832360889190985, 0.0003767170991295416, 0.00025903022316742914, 0.0002537383887943438, 0.00023482481468068377, 0.0002298535255291203, 0.00018855589519961807, 0.0001218605326042106, 0.00012001845478577484, 0.00011418453360694868, 0.00010765291701996772, 0.00010599032370691803, 0.00010343900863935987, 9.704294653537431e-05, 6.226332025000288e-05, 6.13726452608691e-05, 4.9877799391490845e-05, 4.0809108593037965e-05, 2.545846010607346e-05, 2.21049338212289e-05, 1.6922824793541538e-05, 1.662593313049695e-05, 1.2469449847872711e-05, 9.352087385904534e-06, 4.676043692952267e-06, 0.0, 0.0, 0.0, 0.0, 0.0, 0.0, 0.0, 0.0, 0.0, 0.0, 0.0, 0.0, 0.0, 0.0, 0.0, 0.0, 0.0, 0.0, 0.0, 0.0, 0.0, 0.0, 0.0, 0.0, 0.0, 0.0, 0.0, 0.0, 0.0, 0.0, 0.0, 0.0, 0.0, 0.0, 0.0, 0.0, 0.0, 0.0, 0.0, 0.0, 0.0, 0.0, 0.0, 0.0, 0.0, 0.0, 0.0, 0.0, 0.0, 0.0, 0.0, 0.0, 0.0, 0.0, 0.0, 0.0, 0.0, 0.0, 0.0, 0.0, 0.0, 0.0, 0.0, 0.0, 0.0, 0.0, 0.0, 0.0, 0.0, 0.0, 0.0, 0.0, 0.0, 0.0, 0.0, 0.0, 0.0, 0.0, 0.0, 0.0, 0.0, 0.0, 0.0, 0.0, 0.0, 0.0, 0.0, 0.0, 0.0, 0.0, 0.0, 0.0, 0.0, 0.0, 0.0, 0.0, 0.0]]}, "DC": {"layer": 6, "cluster": [[1.4207317073170733], [0.5609756097560976], [0.32926829268292684, 0.3170731707317073, 0.29878048780487804, 0.29268292682926833, 0.28658536585365857], [0.2378048780487805, 0.2378048780487805, 0.21341463414634146, 0.21341463414634146, 0.20121951219512196, 0.18902439024390244], [0.17073170731707318, 0.17073170731707318, 0.15853658536585366, 0.15853658536585366, 0.14634146341463417, 0.1402439024390244, 0.1402439024390244, 0.1402439024390244, 0.13414634146341464, 0.12195121951219512, 0.12195121951219512, 0.12195121951219512, 0.12195121951219512, 0.11585365853658537, 0.11585365853658537, 0.10975609756097561, 0.10975609756097561, 0.10975609756097561, 0.10365853658536586], [0.0975609756097561, 0.0975609756097561, 0.09146341463414634, 0.09146341463414634, 0.09146341463414634, 0.08536585365853659, 0.08536585365853659, 0.08536585365853659, 0.07926829268292683, 0.07926829268292683, 0.07926829268292683, 0.07317073170731708, 0.07317073170731708, 0.06707317073170732, 0.06707317073170732, 0.06707317073170732, 0.06097560975609756, 0.06097560975609756, 0.054878048780487805, 0.054878048780487805, 0.054878048780487805, 0.04878048780487805, 0.04878048780487805, 0.042682926829268296, 0.042682926829268296, 0.03658536585365854, 0.03658536585365854, 0.03658536585365854, 0.03048780487804878, 0.03048780487804878, 0.03048780487804878, 0.03048780487804878, 0.03048780487804878, 0.03048780487804878, 0.03048780487804878, 0.03048780487804878, 0.03048780487804878, 0.03048780487804878, 0.03048780487804878, 0.03048780487804878, 0.03048780487804878, 0.024390243902439025, 0.024390243902439025, 0.024390243902439025, 0.024390243902439025, 0.024390243902439025, 0.024390243902439025, 0.024390243902439025, 0.024390243902439025, 0.01829268292682927, 0.01829268292682927, 0.01829268292682927, 0.01829268292682927, 0.01829268292682927, 0.01829268292682927, 0.01829268292682927, 0.01829268292682927, 0.01829268292682927, 0.01829268292682927, 0.01829268292682927, 0.01829268292682927, 0.01829268292682927, 0.01829268292682927, 0.012195121951219513, 0.012195121951219513, 0.012195121951219513, 0.012195121951219513, 0.012195121951219513, 0.012195121951219513, 0.012195121951219513, 0.012195121951219513, 0.012195121951219513, 0.012195121951219513, 0.012195121951219513, 0.012195121951219513, 0.012195121951219513, 0.012195121951219513, 0.012195121951219513, 0.012195121951219513, 0.012195121951219513, 0.012195121951219513, 0.012195121951219513, 0.012195121951219513, 0.012195121951219513, 0.012195121951219513, 0.012195121951219513, 0.012195121951219513, 0.012195121951219513, 0.012195121951219513, 0.012195121951219513, 0.012195121951219513, 0.012195121951219513, 0.012195121951219513, 0.012195121951219513, 0.012195121951219513, 0.012195121951219513, 0.012195121951219513, 0.012195121951219513, 0.012195121951219513, 0.012195121951219513, 0.012195121951219513, 0.006097560975609756, 0.006097560975609756, 0.006097560975609756, 0.006097560975609756, 0.006097560975609756, 0.006097560975609756, 0.006097560975609756, 0.006097560975609756, 0.006097560975609756, 0.006097560975609756, 0.006097560975609756, 0.006097560975609756, 0.006097560975609756, 0.006097560975609756, 0.006097560975609756, 0.006097560975609756, 0.006097560975609756, 0.006097560975609756, 0.006097560975609756, 0.006097560975609756, 0.006097560975609756, 0.006097560975609756, 0.006097560975609756, 0.006097560975609756, 0.006097560975609756, 0.006097560975609756, 0.006097560975609756, 0.006097560975609756, 0.006097560975609756, 0.006097560975609756, 0.006097560975609756, 0.006097560975609756]]}, "CC": {"layer": 6,