{"IS": {"layer": 6, "cluster": [[11690249500], [1886889375], [1456719780, 1346028391], [1146972107, 1043750189, 975636444], [427360107, 381929249, 337315015, 303554919, 276955411, 220861983, 218470895, 184502577, 177310053, 171608630, 169194628, 145901460], [102584515, 88268830, 84083474, 73014150, 70620468, 56714249, 30313926, 26049151, 25841212, 22229827, 14172537, 13592323, 11856100, 11576779, 10454075, 8879727, 8468679, 6705726, 4891499, 4521660, 3195150, 1083951, 888597, 642038, 461565, 432277, 289350, 255217, 250772, 241892, 205000, 146282, 137148, 90162, 90042, 50849, 41456, 40430, 33176, 26482, 24000, 22337, 20954, 12950, 11572, 4551, 4000, 3122, 2981, 2170, 1910, 1853, 1013, 905, 641, 505, 482, 296, 208, 200, 150, 145, 137, 108, 80, 80, 71, 60, 36, 30, 25, 25, 20, 19, 17, 15, 11, 8, 6, 2, 1, 1, 1, 0, 0, 0, 0, 0, 0, 0, 0, 0, 0, 0, 0, 0, 0, 0, 0, 0, 0, 0]]}, "OS": {"layer": 6, "cluster": [[4924518396, 4848461800], [1927201729], [1453833401], [987152680, 868720027, 799502321, 789411980, 710908274], [501502126, 428646666, 341122226, 311677162, 305426127, 305099556, 302586897, 269756030, 258167229, 241296129, 237851658, 236356934, 230862066, 204713086, 178646173, 178628133], [146622400, 122565362, 91863865, 91749035, 79592840, 63009061, 55744447, 54883731, 49909624, 48284776, 47303558, 46984957, 44399170, 43489508, 38267034, 35437836, 33949652, 32321680, 32291982, 31502371, 27457294, 25596749, 17371945, 17102925, 15125445, 14335689, 13147326, 11214000, 11103893, 11091704, 10081581, 6801231, 6527919, 6317588, 5847741, 4805231, 1846963, 1767045, 1282282, 1165634, 717204, 649904, 347000, 269880, 144000, 125000, 101001, 100512, 58328, 20123, 8901, 7910, 2450, 2008, 830, 687, 550, 507, 183, 170, 110, 9, 6, 1, 0, 0, 0, 0, 0, 0, 0, 0, 0, 0, 0, 0, 0, 0, 0, 0, 0, 0, 0, 0, 0, 0, 0, 0, 0, 0, 0, 0, 0, 0, 0, 0]]}, "BC": {"layer": 6, "cluster": [[0.2231562949712033], [0.09347369803690843], [0.07840159985155469, 0.07235844634176884], [0.05767023955670459], [0.044033973880315005, 0.03862136555373203, 0.029369371650813342, 0.027320226927129782, 0.026612663122215097], [0.021695490457491112, 0.020756111707726937, 0.017496889018839185, 0.017297257475483194, 0.017008781318304432, 0.016739008763235586, 0.01616218325608027, 0.015463211514045585, 0.013696113815555447, 0.011249304342606372, 0.011248901061299471, 0.01061477367281345, 0.010534835286033536, 0.010049399360264383, 0.009913879679633959, 0.009854929376896573, 0.00981490497244108, 0.009380249954784115, 0.009023499579913323, 0.008626716092237027, 0.008549634820334277, 0.0075611342855299935, 0.007024427418026034, 0.00693065215787083, 0.0061624649859943975, 0.006092436974789915, 0.005576851942588265, 0.004783774885867914, 0.004257987659203158, 0.004110589442788887, 0.004054748183249042, 0.00403157142765774, 0.003522067592291269, 0.002648454389525818, 0.0023854791371424318, 0.002282666520883546, 0.0012399308647481825, 0.001198329195404944, 0.0009798692204154387, 0.0009500199743671273, 0.0009122861059959428, 0.0008989507783816778, 0.0006805850995368908, 0.0006248031743891851, 0.00046700413690659433, 0.00034313725490196074, 0.0002998188484323475, 0.0002676313253587641, 0.0001894368858654573, 0.00011855761396405825, 9.003601440576229e-05, 8.70861164978812e-05, 3.9682539682539676e-05, 3.801520608243297e-05, 1.4380752300920367e-05, 0.0, 0.0, 0.0, 0.0, 0.0, 0.0, 0.0, 0.0, 0.0, 0.0, 0.0, 0.0, 0.0, 0.0, 0.0, 0.0, 0.0, 0.0, 0.0, 0.0, 0.0, 0.0, 0.0, 0.0, 0.0, 0.0, 0.0, 0.0, 0.0, 0.0, 0.0, 0.0, 0.0, 0.0, 0.0, 0.0, 0.0, 0.0, 0.0, 0.0, 0.0, 0.0, 0.0, 0.0, 0.0, 0.0, 0.0, 0.0, 0.0, 0.0, 0.0, 0.0, 0.0, 0.0, 0.0, 0.0]]}, "DC": {"layer": 6, "cluster": [[0.75], [0.43333333333333335, 0.4166666666666667, 0.39166666666666666, 0.3833333333333333, 0.375], [0.30833333333333335, 0.30833333333333335, 0.275, 0.275, 0.2583333333333333, 0.24166666666666667], [0.21666666666666667, 0.21666666666666667, 0.2, 0.2, 0.18333333333333332, 0.175, 0.175, 0.175, 0.16666666666666666], [0.15, 0.15, 0.15, 0.15, 0.14166666666666666, 0.14166666666666666, 0.13333333333333333, 0.13333333333333333, 0.13333333333333333, 0.125, 0.125, 0.11666666666666667, 0.11666666666666667, 0.10833333333333334, 0.10833333333333334, 0.10833333333333334, 0.1, 0.1, 0.1, 0.09166666666666666, 0.09166666666666666, 0.09166666666666666, 0.08333333333333333], [0.075, 0.075, 0.075, 0.06666666666666667, 0.06666666666666667, 0.06666666666666667, 0.058333333333333334, 0.058333333333333334, 0.05, 0.05, 0.05, 0.041666666666666664, 0.041666666666666664, 0.041666666666666664, 0.041666666666666664, 0.041666666666666664, 0.041666666666666664, 0.03333333333333333, 0.03333333333333333, 0.025, 0.025, 0.025, 0.025, 0.025, 0.025, 0.025, 0.025, 0.025, 0.025, 0.025, 0.025, 0.025, 0.016666666666666666, 0.016666666666666666, 0.016666666666666666, 0.016666666666666666, 0.016666666666666666, 0.016666666666666666, 0.016666666666666666, 0.016666666666666666, 0.016666666666666666, 0.016666666666666666, 0.016666666666666666, 0.016666666666666666, 0.016666666666666666, 0.016666666666666666, 0.016666666666666666, 0.016666666666666666, 0.008333333333333333, 0.008333333333333333, 0.008333333333333333, 0.008333333333333333, 0.008333333333333333, 0.008333333333333333, 0.008333333333333333, 0.008333333333333333, 0.008333333333333333, 0.008333333333333333, 0.008333333333333333, 0.008333333333333333, 0.008333333333333333, 0.008333333333333333, 0.008333333333333333, 0.008333333333333333, 0.008333333333333333, 0.008333333333333333, 0.008333333333333333, 0.008333333333333333, 0.008333333333333333, 0.008333333333333333, 0.008333333333333333, 0.008333333333333333, 0.008333333333333333, 0.008333333333333333, 0.008333333333333333, 0.008333333333333333, 0.008333333333333333]]}, "CC": {"layer": 6, "cluster": [[0.5682432432432433], [0.42332214765100673, 0.40693548387096773, 0.4017515923566879, 0.4017515923566879, 0.3992088607594937, 0.3992088607594937, 0.38460365853658535], [0.3667151162790698, 0.3625, 0.3625, 0.35838068181818183, 0.35635593220338985, 0.35041666666666665, 0.35041666666666665, 0.34656593406593406, 0.34656593406593406, 0.34656593406593406, 0.34279891304347826, 0.3337301587301587, 0.3319736842105263, 0.328515625, 0.328515625, 0.328515625, 0.3242881072026801, 0.3242881072026801, 0.32346153846153847, 0.3218112244897959, 0.32017766497461925, 0.32017766497461925, 0.31856060606060604, 0.31856060606060604, 0.3169597989949749, 0.3169597989949749, 0.315375, 0.315375, 0.31071428571428567, 0.3032451923076923, 0.3015576323987539, 0.3003571428571429], [0.2920138888888889, 0.29200603318250373, 0.28670454545454543, 0.2854072398190045, 0.28158482142857144, 0.28158482142857144, 0.2803333333333333, 0.2793650793650793, 0.2790929203539823, 0.27816091954022987, 0.277863436123348, 0.27696709585121604, 0.27305194805194805, 0.27305194805194805, 0.2700139470013947, 0.2661392405063291, 0.26556927297668037, 0.2639121338912134, 0.26340136054421764, 0.262330623306233, 0.2617219917012448, 0.2606404958677686, 0.2581333333333333, 0.2574489795918367, 0.2574489795918367, 0.25433467741935484, 0.2533132530120482, 0.2533132530120482], [0.24259615384615382, 0.23901234567901236, 0.2372549019607843, 0.23623595505617978, 0.23297232250300842, 0.2321342925659472, 0.2313022700119474, 0.23104395604395603, 0.22853260869565217, 0.22803297997644284, 0.22803297997644284, 0.22723004694835677, 0.22688848920863308, 0.22485481997677118, 0.22485481997677118, 0.22485481997677118, 0.22485481997677118, 0.22485481997677118, 0.22485481997677118, 0.2244661921708185, 0.2244661921708185, 0.2244661921708185, 0.22407407407407406, 0.22367021276595744, 0.22287985865724383, 0.22176403207331039, 0.20617678381256654, 0.20552016985138002, 0.2028135048231511, 0.19762974051896207, 0.19555555555555554, 0.19348159509202453, 0.17728937728937727, 0.17520833333333333], [0.0, 0.0, 0.0, 0.0, 0.0, 0.0, 0.0, 0.0, 0.0, 0.0, 0.0, 0.0, 0.0, 0.0, 0.0, 0.0, 0.0, 0.0, 0.0]]}, "E": {"layer": 6,