{"IS": {"layer": 6, "cluster": [[11742200360], [1886889494], [1456719877, 1346058093], [1166323107, 1044197191, 975636505], [427360162, 389776869, 340116695, 303554919, 276955670, 220862048, 218470924, 184558632, 177310053, 171608668, 169194991, 145901466], [102584527, 88270651, 84083490, 73014151, 70620488, 56714295, 55283536, 30313998, 26049792, 25865687, 22229848, 16086447, 13592384, 11856100, 11576793, 10454099, 8879739, 8468756, 6705740, 4891758, 4521660, 3195150, 1083954, 888768, 775941, 540352, 432298, 401815, 289350, 255302, 241917, 205106, 172514, 137159, 117843, 90172, 53740, 51112, 40447, 33179, 27264, 26618, 24000, 23528, 22585, 22337, 18209, 15126, 13008, 6743, 4551, 4094, 4000, 3152, 3126, 2982, 2815, 2480, 2170, 1965, 1963, 1960, 1853, 1079, 1013, 929, 668, 506, 296, 208, 161, 145, 108, 80, 80, 71, 64, 60, 51, 46, 40, 36, 30, 27, 25, 25, 24, 24, 22, 20, 20, 19, 19, 18, 15, 12, 12, 11, 11, 10, 9, 9, 8, 8, 7, 6, 6, 6, 5, 5, 5, 4, 4, 3, 3, 3, 3, 2, 2, 2, 2, 1, 1, 1, 0, 0, 0, 0, 0, 0, 0, 0, 0, 0, 0, 0, 0, 0, 0, 0, 0, 0, 0, 0, 0, 0, 0]]}, "OS": {"layer": 6, "cluster": [[4935213163, 4852474661], [1927201941], [1453833401], [987153896, 868751926, 803805937, 799582144, 715626734], [501502812, 428646690, 360551061, 311677393, 305426911, 305099556, 302586899, 269756347, 258168407, 241296485, 237851658, 236364203, 230862078, 204713089, 178646640, 178628133], [146622423, 122565454, 91863865, 91749035, 84955657, 79593500, 63009076, 55745008, 54884175, 49910144, 48286121, 47303617, 46985006, 44678499, 44117205, 38267097, 35438018, 33949652, 32323765, 32292016, 31502700, 27457321, 25635546, 17636548, 17111318, 15126268, 14335689, 13148032, 11214050, 11103895, 11091755, 10081663, 6801237, 6527919, 6317720, 5847885, 4805231, 1888509, 1846970, 1376785, 1165713, 733938, 717415, 347029, 269897, 176114, 144005, 125359, 101001, 100592, 60450, 51916, 45464, 42752, 36248, 13550, 10353, 7925, 6654, 5586, 5005, 4644, 4536, 2450, 2363, 1972, 1403, 700, 681, 586, 552, 490, 435, 299, 298, 248, 215, 204, 194, 147, 118, 98, 51, 48, 15, 15, 13, 12, 12, 11, 9, 9, 8, 8, 7, 7, 6, 5, 4, 4, 4, 4, 3, 2, 1, 1, 1, 1, 1, 1, 0, 0, 0, 0, 0, 0, 0, 0, 0, 0, 0, 0, 0, 0, 0, 0, 0, 0, 0, 0, 0, 0, 0, 0, 0, 0, 0, 0, 0, 0, 0]]}, "BC": {"layer": 6, "cluster": [[0.5662098230603625], [0.06413594996373041], [0.0332082030648409], [0.022991259743994477], [0.016788267169017185, 0.016388688251417625, 0.012465770436621282, 0.009639499269455554, 0.008737896703756026, 0.008251737099516016, 0.008114060318033408, 0.007824060750036223, 0.0067075996496728215], [0.004951958610495195, 0.004951958610495195, 0.004768957299929924, 0.0043219445446951565, 0.004250195679861782, 0.00417498405235237, 0.003229181561259223, 0.003051459932084692, 0.003039167143934328, 0.003027667563301318, 0.0029120171833586475, 0.0028044579497233735, 0.002637911608295613, 0.002498086417155154, 0.0019171927475842745, 0.0019054229570891886, 0.0017770991532078003, 0.0015517187911866408, 0.0014827447948290518, 0.0014170974530521294, 0.0013283700658462969, 0.0012386085265839915, 0.0011049641733304801, 0.000990362692831577, 0.0007416379317272071, 0.0005504543799509229, 0.0005364338601151532, 0.0005058488054607788, 0.0004884666584810056, 0.0004712532731966669, 0.0004156990713010016, 0.00038653947883437903, 0.000370145470618791, 0.00035853752496507155, 0.000254984705165933, 0.00024840508261852643, 0.0002239164522540646, 0.00022152418493881905, 0.00020640354377989356, 0.00012010347376201035, 0.00011856368563685635, 0.00010634803317730145, 0.00010470559251047055, 0.0001021852024740343, 9.519476085002984e-05, 5.979724882163906e-05, 5.915545477955807e-05, 4.927322000492732e-05, 4.031445273130417e-05, 2.6628069310996138e-05, 1.6717699644528913e-05, 1.6424406668309105e-05, 1.4263300527742119e-05, 1.231830500123183e-05, 9.238728750923873e-06, 4.6193643754619364e-06, 0.0, 0.0, 0.0, 0.0, 0.0, 0.0, 0.0, 0.0, 0.0, 0.0, 0.0, 0.0, 0.0, 0.0, 0.0, 0.0, 0.0, 0.0, 0.0, 0.0, 0.0, 0.0, 0.0, 0.0, 0.0, 0.0, 0.0, 0.0, 0.0, 0.0, 0.0, 0.0, 0.0, 0.0, 0.0, 0.0, 0.0, 0.0, 0.0, 0.0, 0.0, 0.0, 0.0, 0.0, 0.0, 0.0, 0.0, 0.0, 0.0, 0.0, 0.0, 0.0, 0.0, 0.0, 0.0, 0.0, 0.0, 0.0, 0.0, 0.0, 0.0, 0.0, 0.0, 0.0, 0.0, 0.0, 0.0, 0.0, 0.0, 0.0, 0.0, 0.0, 0.0, 0.0, 0.0, 0.0, 0.0, 0.0, 0.0, 0.0, 0.0, 0.0, 0.0, 0.0, 0.0, 0.0, 0.0, 0.0, 0.0, 0.0, 0.0, 0.0, 0.0, 0.0, 0.0, 0.0, 0.0]]}, "DC": {"layer": 6, "cluster": [[1.4363636363636363], [0.5575757575757576], [0.3333333333333333, 0.3151515151515151, 0.30303030303030304, 0.296969696969697, 0.2909090909090909], [0.23636363636363636, 0.23636363636363636, 0.21212121212121213, 0.21212121212121213, 0.2, 0.19393939393939394, 0.1696969696969697, 0.1696969696969697, 0.15757575757575756, 0.15757575757575756, 0.14545454545454545, 0.1393939393939394, 0.1393939393939394, 0.1393939393939394, 0.13333333333333333], [0.12121212121212122, 0.12121212121212122, 0.12121212121212122, 0.12121212121212122, 0.12121212121212122, 0.11515151515151516, 0.10909090909090909, 0.10909090909090909, 0.10909090909090909, 0.10303030303030303, 0.09696969696969697, 0.09696969696969697, 0.09090909090909091, 0.09090909090909091, 0.09090909090909091, 0.09090909090909091, 0.09090909090909091, 0.08484848484848485, 0.08484848484848485, 0.07878787878787878, 0.07878787878787878, 0.07272727272727272, 0.07272727272727272, 0.06666666666666667, 0.06666666666666667, 0.06666666666666667, 0.06060606060606061, 0.06060606060606061, 0.06060606060606061, 0.05454545454545454, 0.05454545454545454, 0.05454545454545454, 0.048484848484848485, 0.048484848484848485, 0.04242424242424243, 0.04242424242424243], [0.03636363636363636, 0.03636363636363636, 0.030303030303030304, 0.030303030303030304, 0.030303030303030304, 0.030303030303030304, 0.030303030303030304, 0.030303030303030304, 0.030303030303030304, 0.030303030303030304, 0.030303030303030304, 0.030303030303030304, 0.030303030303030304, 0.030303030303030304, 0.030303030303030304, 0.030303030303030304, 0.024242424242424242, 0.024242424242424242, 0.024242424242424242, 0.024242424242424242, 0.024242424242424242, 0.024242424242424242, 0.024242424242424242, 0.024242424242424242, 0.01818181818181818, 0.01818181818181818, 0.01818181818181818, 0.01818181818181818, 0.01818181818181818, 0.01818181818181818, 0.01818181818181818, 0.01818181818181818, 0.01818181818181818, 0.01818181818181818, 0.01818181818181818, 0.01818181818181818, 0.01818181818181818, 0.01818181818181818, 0.012121212121212121, 0.012121212121212121, 0.012121212121212121, 0.012121212121212121, 0.012121212121212121, 0.012121212121212121, 0.012121212121212121, 0.012121212121212121, 0.012121212121212121, 0.012121212121212121, 0.012121212121212121, 0.012121212121212121, 0.012121212121212121, 0.012121212121212121, 0.012121212121212121, 0.012121212121212121, 0.012121212121212121, 0.012121212121212121, 0.012121212121212121, 0.012121212121212121, 0.012121212121212121, 0.012121212121212121, 0.012121212121212121, 0.012121212121212121, 0.012121212121212121, 0.012121212121212121, 0.012121212121212121, 0.012121212121212121, 0.012121212121212121, 0.012121212121212121, 0.012121212121212121, 0.012121212121212121, 0.012121212121212121, 0.012121212121212121, 0.012121212121212121, 0.012121212121212121, 0.012121212121212121, 0.012121212121212121, 0.006060606060606061, 0.006060606060606061, 0.006060606060606061, 0.006060606060606061, 0.006060606060606061, 0.006060606060606061, 0.006060606060606061, 0.006060606060606061, 0.006060606060606061, 0.006060606060606061, 0.006060606060606061, 0.006060606060606061, 0.006060606060606061, 0.006060606060606061, 0.006060606060606061, 0.006060606060606061, 0.006060606060606061, 0.006060606060606061, 0.006060606060606061, 0.006060606060606061, 0.006060606060606061, 0.006060606060606061, 0.006060606060606061, 0.006060606060606061, 0.006060606060606061, 0.006060606060606061, 0.006060606060606061, 0.006060606060606061, 0.006060606060606061, 0.006060606060606061, 0.006060606060606061, 0.006060606060606061]]}, "CC": {"layer": 6,