{"IS": {"layer": 6, "cluster": [[15027554404.0], [4106655415.0], [1442281223.679997, 1372960638.0, 1263734452.0, 1077787462.0], [731553230.0], [519917677.0, 451451379.0, 430592865.0, 390295954.0, 385077853.0], [259084600.0, 214395320.0, 175392630.0, 160625967.0, 146838206.0, 137141278.0, 129451088.41466442, 118488823.0, 82244990.0, 72339500.0, 53727237.0, 49229225.0, 45535061.0, 45382316.0, 42025391.0, 39417975.0, 34210969.0, 24839409.0, 23440232.0, 15583339.0, 15552569.0, 10334363.0, 9363152.0, 8908301.36865716, 7136433.0, 6101300.0, 5882400.0, 1980000.0, 1378435.0, 670416.0, 624180.0, 610135.0, 502749.0, 461577.0, 209559.79720854922, 195000.0, 171830.0, 154127.0, 134818.0, 117044.0, 101193.0, 88966.0, 87000.0, 50782.0, 37343.0, 25781.0, 23300, 14412, 8400.0, 8135.0, 5768.0, 5500.0, 4320.0, 3085.0, 2460, 2388, 2159.0, 1266.0, 1203.0, 1013.0, 960.0, 948.0, 722.0, 501.0, 310.0, 267.0, 95, 54.0, 49.0, 34.0, 30.0, 22.0, 20.0, 19.0, 6.0, 2.0, 1.0, 1.0, 0, 0, 0, 0, 0, 0, 0, 0, 0, 0, 0, 0, 0, 0, 0, 0, 0, 0, 0, 0, 0, 0, 0, 0]]}, "OS": {"layer": 6, "cluster": [[7248134883.0], [5828198384.0], [1710406233.0, 1678912285.0, 1530160512.0], [1304056473.0, 1027263488.0, 992378795.0], [827274015.0, 747511672.0, 647992049.0, 584462187.0, 565943578.0, 538490681.0], [430857271.4633186, 332625319.0, 327861825.0, 294328975.0, 258372892.0, 250006644.0, 244424948.0, 189559848, 166399157.0, 134879520.0, 122403723.0, 110183715.0, 109382975.0, 109373062.0, 86268127.0, 76685030.0, 60251690.0, 59507755.0, 52414309.0, 47975685.0, 46439477.0, 40038927.0, 39755901.0, 34463588.0, 30163835.0, 29196876.0, 28820513.0, 25279844.0, 23787607.0, 20474231.0, 15947824.0, 11645500.0, 11271103.0, 11224934.0, 11063769.0, 10004956.0, 9103013.0, 8733520.0, 8026085.0, 5132007.0, 4863186, 3853566.0, 3789914.0, 3038538.0, 1980876.0, 1441213.0, 1151907, 835328.0, 594611.0, 579395.0, 421414.0, 417882.0, 315892.0, 296661, 250163.0, 205300.0, 200894.79720854922, 156424.0, 120000.0, 118000.0, 32281, 31804.0, 4026.0, 1556.0, 500.0, 129.0, 105.0, 101.0, 85.0, 20.0, 12.0, 10.0, 1.0, 1.0, 1.0, 1.0, 0, 0, 0, 0, 0, 0, 0, 0, 0, 0, 0, 0, 0, 0, 0, 0, 0, 0, 0, 0, 0, 0, 0, 0]]}, "BC": {"layer": 6, "cluster": [[0.2488036445079369], [0.0969957396638875], [0.058395050128180935, 0.05516271874759069, 0.050852630488287115], [0.039782622809808016], [0.029019023872235893, 0.028292779447634232, 0.027574149928210244, 0.023159411742951535, 0.022596421436725415], [0.019310436177582407, 0.018405405557730205, 0.017473417503228127, 0.016825600522426362, 0.015196706060539524, 0.014418420826035132, 0.013827433628318585, 0.013812464819797924, 0.013808103440491243, 0.01173340886183607, 0.011674613838044506, 0.011147973078074884, 0.011067064151581634, 0.009658552220690541, 0.009640875239208048, 0.009532145106284492, 0.009445186532150512, 0.009276711489100871, 0.008697686446726418, 0.007934138182400857, 0.006330571471646741, 0.006149980214832247, 0.005680300096928515, 0.0032660612807897922, 0.003183753659172751, 0.002947010637377869, 0.002675861329802531, 0.002285485422281218, 0.0020483417668717943, 0.0019352230198864204, 0.0019028271722431615, 0.0017642564715099486, 0.0017445262368618877, 0.0013399326117654019, 0.0012908310435175163, 0.00123454185756651, 0.0010793947416312068, 0.000919026376223956, 0.0007824111308508386, 0.0007643326187388086, 0.0007426372760910772, 0.0006459903424723645, 0.0006336042765612266, 0.00027526505708209807, 0.00024917599783276143, 0.00013785615505562335, 0.00010991343955945728, 8.172372123571848e-05, 3.467832560752915e-05, 2.1446631750045154e-05, 0.0, 0.0, 0.0, 0.0, 0.0, 0.0, 0.0, 0.0, 0.0, 0.0, 0.0, 0.0, 0.0, 0.0, 0.0, 0.0, 0.0, 0.0, 0.0, 0.0, 0.0, 0.0, 0.0, 0.0, 0.0, 0.0, 0.0, 0.0, 0.0, 0.0, 0.0, 0.0, 0.0, 0.0, 0.0, 0.0, 0.0, 0.0, 0.0, 0.0, 0.0, 0.0, 0.0, 0.0, 0.0, 0.0, 0.0, 0.0, 0.0, 0.0, 0.0, 0.0, 0.0]]}, "DC": {"layer": 6, "cluster": [[0.7522123893805309], [0.4690265486725664, 0.4424778761061947], [0.3805309734513274, 0.36283185840707965, 0.35398230088495575], [0.3185840707964602, 0.3185840707964602, 0.3185840707964602, 0.30973451327433627, 0.2831858407079646, 0.2831858407079646, 0.2831858407079646, 0.2831858407079646, 0.2654867256637168, 0.2654867256637168], [0.23893805309734512, 0.23008849557522124, 0.20353982300884954, 0.19469026548672566, 0.19469026548672566, 0.18584070796460178, 0.17699115044247787, 0.17699115044247787, 0.16814159292035397, 0.1592920353982301, 0.1592920353982301, 0.1504424778761062, 0.1415929203539823, 0.1415929203539823, 0.1415929203539823, 0.1415929203539823, 0.1327433628318584, 0.1327433628318584, 0.1327433628318584, 0.1327433628318584, 0.12389380530973451, 0.12389380530973451], [0.11504424778761062, 0.11504424778761062, 0.10619469026548672, 0.09734513274336283, 0.09734513274336283, 0.08849557522123894, 0.07964601769911504, 0.07964601769911504, 0.07964601769911504, 0.07964601769911504, 0.07079646017699115, 0.07079646017699115, 0.07079646017699115, 0.07079646017699115, 0.061946902654867256, 0.061946902654867256, 0.05309734513274336, 0.05309734513274336, 0.05309734513274336, 0.04424778761061947, 0.04424778761061947, 0.035398230088495575, 0.035398230088495575, 0.035398230088495575, 0.035398230088495575, 0.02654867256637168, 0.02654867256637168, 0.02654867256637168, 0.02654867256637168, 0.02654867256637168, 0.02654867256637168, 0.02654867256637168, 0.02654867256637168, 0.02654867256637168, 0.017699115044247787, 0.017699115044247787, 0.017699115044247787, 0.017699115044247787, 0.017699115044247787, 0.017699115044247787, 0.017699115044247787, 0.017699115044247787, 0.017699115044247787, 0.017699115044247787, 0.017699115044247787, 0.017699115044247787, 0.017699115044247787, 0.017699115044247787, 0.017699115044247787, 0.008849557522123894, 0.008849557522123894, 0.008849557522123894, 0.008849557522123894, 0.008849557522123894, 0.008849557522123894, 0.008849557522123894, 0.008849557522123894, 0.008849557522123894, 0.008849557522123894, 0.008849557522123894, 0.008849557522123894, 0.008849557522123894, 0.008849557522123894, 0.008849557522123894, 0.008849557522123894, 0.008849557522123894, 0.008849557522123894, 0.008849557522123894, 0.008849557522123894, 0.008849557522123894, 0.008849557522123894, 0.008849557522123894, 0.008849557522123894, 0.008849557522123894, 0.008849557522123894, 0.008849557522123894]]}, "CC": {"layer": 6,