{"IS": {"layer": 6, "cluster": [[15016734153.0], [4106655415.0], [1442281222.4448853, 1372960638.0, 1263734452.0, 1077748587.0], [731553230.0], [519917677.0, 451352755.0, 430592865.0, 390295954.0, 385077853.0], [259044956.0, 214395320.0, 175392630.0, 160593226.0, 146838206.0, 137141278.0, 129451029.80294588, 118488823.0, 82244990.0, 72339500.0, 53641089.0, 49229225.0, 45535061.0, 45382316.0, 42025391.0, 39417975.0, 34210850.0, 24839331.0, 23440232.0, 15583339.0, 15552569.0, 9362976.0, 8908300.858088646, 7136433.0, 6101300.0, 5882400.0, 1980000.0, 1378435.0, 670416.0, 622305.0, 610135.0, 502749.0, 461577.0, 209512.03151248212, 195000.0, 171830.0, 154127.0, 133294.0, 117044.0, 101193.0, 88966.0, 87000.0, 50782.0, 37343.0, 25781.0, 23300, 14412, 8400.0, 8135.0, 5768.0, 5500.0, 4320.0, 3085.0, 2460, 2388, 2159.0, 1266.0, 1203.0, 1013.0, 960.0, 948.0, 722.0, 501.0, 310.0, 267.0, 95, 54.0, 49.0, 34.0, 30.0, 22.0, 20.0, 19.0, 6.0, 2.0, 1.0, 1.0, 0, 0, 0, 0, 0, 0, 0, 0, 0, 0, 0, 0, 0, 0, 0, 0, 0, 0, 0, 0]]}, "OS": {"layer": 6, "cluster": [[7247622524.0], [5828198374.0], [1710405733.0, 1678912285.0, 1530160512.0], [1304056473.0, 1027263488.0, 992378795.0], [827274013.0, 747511653.0, 647992048.0, 584461439.0, 565943578.0, 538490681.0], [430800925.1059199, 327861825.0, 323759699.0, 294328972.0, 258372892.0, 250006643.0, 244424948.0, 189559848, 166396764.0, 134879520.0, 122403723.0, 110183715.0, 109382975.0, 109373062.0, 86268102.0, 76685029.0, 60251672.0, 59507752.0, 52414309.0, 47975685.0, 46439471.0, 39755896.0, 39234959.0, 34463588.0, 30163835.0, 29196876.0, 28820513.0, 25279844.0, 23787607.0, 20474231.0, 15947824.0, 11645500.0, 11224894.0, 11155176.0, 10004818.0, 9103013.0, 8733520.0, 8026080.0, 5132007.0, 4863186, 3853566.0, 3789914.0, 3038518.0, 1980876.0, 1441213.0, 1151907, 835328.0, 594611.0, 579395.0, 421414.0, 417882.0, 315892.0, 296661, 250163.0, 205300.0, 200847.03151248212, 156171.0, 120000.0, 118000.0, 31804.0, 4025.0, 1556.0, 500.0, 129.0, 105.0, 100.0, 85.0, 20.0, 10.0, 1.0, 0, 0, 0, 0, 0, 0, 0, 0, 0, 0, 0, 0, 0, 0, 0, 0, 0, 0, 0, 0, 0, 0, 0, 0, 0]]}, "BC": {"layer": 6, "cluster": [[0.24046279783751465], [0.08683418300406699], [0.060184244611178286, 0.055314260195640834, 0.051592618357827795], [0.035148194457905686, 0.03099081327036063, 0.028505493825232976, 0.027820571177258696, 0.026982644496838407], [0.0235478956264748, 0.021292406288437773, 0.01967196147991646, 0.019270011905894842, 0.01893069687689748, 0.017542391958408846, 0.017112289322314917, 0.015225195318328631, 0.01513286451181784, 0.014640692351519262, 0.014626954653669129, 0.014577018016789565, 0.014537902388369679, 0.01418952414360292, 0.014024891900074998, 0.011691259712315081, 0.011522656162060033, 0.011092368988267225, 0.00924167487641008, 0.008706638913222733, 0.008223997104804471, 0.007479037842868662, 0.006790896119861598], [0.003954722615705293, 0.0033099414755232088, 0.0032628522217437997, 0.0030777535125925564, 0.0029974606427385, 0.002992843958371094, 0.0029557875991079, 0.0028731128980145223, 0.0019334303878010255, 0.0017994262477647733, 0.0017938616697976155, 0.001603257208684329, 0.001531678102290771, 0.0014305297794394369, 0.001212315289418093, 0.0011375764393677169, 0.0011221940109849002, 0.0010946273727250534, 0.000976571647651606, 0.0006376841870365399, 0.0005391602743627666, 0.0002790758047767394, 0.00017780909525457812, 0.0001086516176277508, 4.002249913464867e-05, 0.0, 0.0, 0.0, 0.0, 0.0, 0.0, 0.0, 0.0, 0.0, 0.0, 0.0, 0.0, 0.0, 0.0, 0.0, 0.0, 0.0, 0.0, 0.0, 0.0, 0.0, 0.0, 0.0, 0.0, 0.0, 0.0, 0.0, 0.0, 0.0, 0.0, 0.0, 0.0, 0.0, 0.0, 0.0, 0.0, 0.0, 0.0, 0.0, 0.0, 0.0, 0.0, 0.0, 0.0, 0.0, 0.0, 0.0, 0.0, 0.0, 0.0, 0.0]]}, "DC": {"layer": 6, "cluster": [[0.7592592592592592], [0.4629629629629629, 0.45370370370370366], [0.38888888888888884, 0.3611111111111111, 0.32407407407407407, 0.32407407407407407, 0.32407407407407407, 0.31481481481481477, 0.2962962962962963, 0.28703703703703703, 0.28703703703703703, 0.2777777777777778, 0.2777777777777778], [0.25925925925925924, 0.24074074074074073, 0.24074074074074073, 0.21296296296296297, 0.2037037037037037, 0.19444444444444442], [0.17592592592592593, 0.17592592592592593, 0.17592592592592593, 0.16666666666666666, 0.15740740740740738, 0.15740740740740738, 0.14814814814814814, 0.1388888888888889, 0.1388888888888889, 0.1388888888888889, 0.1388888888888889, 0.12962962962962962, 0.12962962962962962, 0.12962962962962962, 0.12962962962962962, 0.12962962962962962, 0.12962962962962962, 0.12037037037037036, 0.12037037037037036], [0.10185185185185185, 0.09259259259259259, 0.09259259259259259, 0.09259259259259259, 0.08333333333333333, 0.08333333333333333, 0.08333333333333333, 0.07407407407407407, 0.07407407407407407, 0.07407407407407407, 0.07407407407407407, 0.06481481481481481, 0.06481481481481481, 0.06481481481481481, 0.05555555555555555, 0.05555555555555555, 0.046296296296296294, 0.046296296296296294, 0.037037037037037035, 0.037037037037037035, 0.037037037037037035, 0.037037037037037035, 0.037037037037037035, 0.027777777777777776, 0.027777777777777776, 0.027777777777777776, 0.027777777777777776, 0.027777777777777776, 0.027777777777777776, 0.027777777777777776, 0.027777777777777776, 0.018518518518518517, 0.018518518518518517, 0.018518518518518517, 0.018518518518518517, 0.018518518518518517, 0.018518518518518517, 0.018518518518518517, 0.018518518518518517, 0.018518518518518517, 0.018518518518518517, 0.018518518518518517, 0.018518518518518517, 0.018518518518518517, 0.018518518518518517, 0.009259259259259259, 0.009259259259259259, 0.009259259259259259, 0.009259259259259259, 0.009259259259259259, 0.009259259259259259, 0.009259259259259259, 0.009259259259259259, 0.009259259259259259, 0.009259259259259259, 0.009259259259259259, 0.009259259259259259, 0.009259259259259259, 0.009259259259259259, 0.009259259259259259, 0.009259259259259259, 0.009259259259259259, 0.009259259259259259, 0.009259259259259259, 0.009259259259259259, 0.009259259259259259, 0.009259259259259259, 0.009259259259259259, 0.009259259259259259, 0.009259259259259259]]}, "CC": {"layer": 6,