{"IS": {"layer": 6, "cluster": [[15027554443.0], [4106655415.0], [1442281223.6808548, 1372960638.0, 1263734452.0, 1077787462.0], [731553230.0], [519917677.0, 451451379.0, 430592865.0, 390295954.0, 385077853.0], [259084600.0, 214395320.0, 175392630.0, 160625967.0, 146838206.0, 137141278.0, 129451088.45537835, 118488823.0, 82244990.0, 72339500.0, 53727237.0, 49229225.0, 45535061.0, 45382316.0, 42025391.0, 39417975.0, 34210969.0, 24839409.0, 23440232.0, 15583339.0, 15552569.0, 10334363.0, 9363152.0, 8908301.369011823, 7136433.0, 6101300.0, 5882400.0, 1980000.0, 1378435.0, 670416.0, 624180.0, 610135.0, 502749.0, 461577.0, 209559.8303884297, 195000.0, 171830.0, 154127.0, 134818.0, 117044.0, 101193.0, 88966.0, 87000.0, 50782.0, 37343.0, 25781.0, 23300, 14412, 8400.0, 8135.0, 5768.0, 5500.0, 4320.0, 3085.0, 2460, 2388, 2159.0, 1266.0, 1203.0, 1013.0, 960.0, 948.0, 722.0, 501.0, 310.0, 267.0, 95, 54.0, 49.0, 34.0, 30.0, 22.0, 20.0, 19.0, 6.0, 2.0, 1.0, 1.0, 0, 0, 0, 0, 0, 0, 0, 0, 0, 0, 0, 0, 0, 0, 0, 0, 0, 0, 0, 0, 0, 0, 0, 0]]}, "OS": {"layer": 6, "cluster": [[7248134883.0], [5828198384.0], [1710406233.0, 1678912285.0, 1530160512.0], [1304056473.0, 1027263488.0, 992378795.0], [827274015.0, 747511672.0, 647992049.0, 584462187.0, 565943578.0, 538490681.0], [430857310.50524515, 332625319.0, 327861825.0, 294328975.0, 258372892.0, 250006644.0, 244424948.0, 189559848, 166399157.0, 134879520.0, 122403723.0, 110183715.0, 109382975.0, 109373062.0, 86268127.0, 76685030.0, 60251690.0, 59507755.0, 52414309.0, 47975685.0, 46439477.0, 40038927.0, 39755901.0, 34463588.0, 30163835.0, 29196876.0, 28820513.0, 25279844.0, 23787607.0, 20474231.0, 15947824.0, 11645500.0, 11271103.0, 11224934.0, 11063769.0, 10004956.0, 9103013.0, 8733520.0, 8026085.0, 5132007.0, 4863186, 3853566.0, 3789914.0, 3038538.0, 1980876.0, 1441213.0, 1151907, 835328.0, 594611.0, 579395.0, 421414.0, 417882.0, 315892.0, 296661, 250163.0, 205300.0, 200894.8303884297, 156424.0, 120000.0, 118000.0, 32281, 31804.0, 4026.0, 1556.0, 500.0, 129.0, 105.0, 101.0, 85.0, 20.0, 12.0, 10.0, 1.0, 1.0, 1.0, 1.0, 0, 0, 0, 0, 0, 0, 0, 0, 0, 0, 0, 0, 0, 0, 0, 0, 0, 0, 0, 0, 0, 0, 0, 0]]}, "BC": {"layer": 6, "cluster": [[0.22424643399338137], [0.08269575101788948], [0.05936983848898104, 0.057495323226381845, 0.05407958448991652, 0.04957650962613124], [0.03381999584424298, 0.028643301191612142, 0.027741824192042012, 0.027069755056363214, 0.02489119304055833, 0.022850717316629552], [0.02048900312755546, 0.019295638939611275, 0.017477305089426312, 0.01705910964920639, 0.016287522038063426, 0.01607360956746391, 0.013980820813941372, 0.01389788132134013, 0.013827433628318585, 0.013540080565420424, 0.01341947528697528, 0.01337791963836407, 0.0120612467708282, 0.011789860180473512, 0.010933536723660238, 0.010638786926370516, 0.010149167491780119, 0.010007400172332094, 0.009062694089886403, 0.008163807669756494, 0.006347061332735217, 0.006175004163869211], [0.003341645934788779, 0.0029131195468366125, 0.002896102531359784, 0.0028458690885022025, 0.002773060374614038, 0.0026766142697360685, 0.002319187260042389, 0.0020024538207613425, 0.0018389645147274091, 0.0017735138206619791, 0.0016835590575318769, 0.0015937977854314606, 0.001343714108062104, 0.0013105845201294, 0.0010902710946168596, 0.0009898721043845532, 0.0009601443014622897, 0.0008285818852883067, 0.0007339542480977373, 0.0006782770076853721, 0.0003458730468588616, 0.00024917599783276143, 0.0001546165547417539, 0.00010991343955945728, 9.920813000207714e-05, 3.53755071350074e-05, 2.1446631750045154e-05, 0.0, 0.0, 0.0, 0.0, 0.0, 0.0, 0.0, 0.0, 0.0, 0.0, 0.0, 0.0, 0.0, 0.0, 0.0, 0.0, 0.0, 0.0, 0.0, 0.0, 0.0, 0.0, 0.0, 0.0, 0.0, 0.0, 0.0, 0.0, 0.0, 0.0, 0.0, 0.0, 0.0, 0.0, 0.0, 0.0, 0.0, 0.0, 0.0, 0.0, 0.0, 0.0, 0.0, 0.0, 0.0, 0.0, 0.0, 0.0, 0.0, 0.0, 0.0, 0.0, 0.0]]}, "DC": {"layer": 6, "cluster": [[0.7433628318584071], [0.45132743362831856, 0.4336283185840708], [0.3805309734513274, 0.35398230088495575, 0.35398230088495575], [0.3185840707964602, 0.3185840707964602, 0.30973451327433627, 0.30973451327433627, 0.2831858407079646, 0.2831858407079646, 0.2831858407079646, 0.2831858407079646, 0.2654867256637168, 0.25663716814159293], [0.23893805309734512, 0.23008849557522124, 0.20353982300884954, 0.19469026548672566, 0.19469026548672566, 0.18584070796460178, 0.17699115044247787, 0.17699115044247787, 0.16814159292035397, 0.1592920353982301, 0.1504424778761062, 0.1504424778761062, 0.1415929203539823, 0.1415929203539823, 0.1327433628318584, 0.1327433628318584, 0.1327433628318584, 0.1327433628318584, 0.1327433628318584, 0.1327433628318584, 0.12389380530973451, 0.12389380530973451, 0.11504424778761062, 0.11504424778761062, 0.10619469026548672, 0.09734513274336283, 0.09734513274336283, 0.08849557522123894], [0.07964601769911504, 0.07964601769911504, 0.07964601769911504, 0.07964601769911504, 0.07079646017699115, 0.07079646017699115, 0.07079646017699115, 0.07079646017699115, 0.061946902654867256, 0.061946902654867256, 0.05309734513274336, 0.05309734513274336, 0.05309734513274336, 0.04424778761061947, 0.035398230088495575, 0.035398230088495575, 0.035398230088495575, 0.035398230088495575, 0.035398230088495575, 0.02654867256637168, 0.02654867256637168, 0.02654867256637168, 0.02654867256637168, 0.02654867256637168, 0.02654867256637168, 0.02654867256637168, 0.02654867256637168, 0.02654867256637168, 0.017699115044247787, 0.017699115044247787, 0.017699115044247787, 0.017699115044247787, 0.017699115044247787, 0.017699115044247787, 0.017699115044247787, 0.017699115044247787, 0.017699115044247787, 0.017699115044247787, 0.017699115044247787, 0.017699115044247787, 0.017699115044247787, 0.017699115044247787, 0.008849557522123894, 0.008849557522123894, 0.008849557522123894, 0.008849557522123894, 0.008849557522123894, 0.008849557522123894, 0.008849557522123894, 0.008849557522123894, 0.008849557522123894, 0.008849557522123894, 0.008849557522123894, 0.008849557522123894, 0.008849557522123894, 0.008849557522123894, 0.008849557522123894, 0.008849557522123894, 0.008849557522123894, 0.008849557522123894, 0.008849557522123894, 0.008849557522123894, 0.008849557522123894, 0.008849557522123894, 0.008849557522123894, 0.008849557522123894, 0.008849557522123894, 0.008849557522123894, 0.008849557522123894, 0.008849557522123894]]}, "CC": {"layer": 6,