{"IS": {"layer": 6, "cluster": [[15600100503], [3700248900], [1628721280, 1568617742, 1516836485, 1477439997], [828249572, 751087604], [491053184, 467939280, 437897160, 382620844], [224278829, 210743692, 207304400, 202564237, 188960555, 160774909, 138140584, 131280528, 120067892, 95830904, 84768018, 48755943, 47210621, 45527436, 44383044, 30765226, 30042971, 23916861, 23794061, 21303463, 19230125, 17551605, 14260498, 13090759, 10045918, 8083754, 5089684, 4188660, 2729925, 2528987, 1088817, 558926, 336522, 284000, 127269, 114177, 101150, 73834, 62528, 60545, 56800, 50488, 45771, 41510, 18500, 13500, 13070, 10000, 9183, 5584, 5025, 3084, 2523, 2512, 1578, 1221, 1019, 1010, 750, 636, 500, 499, 355, 350, 298, 265, 228, 195, 176, 174, 133, 103, 78, 70, 53, 36, 25, 20, 15, 10, 6, 5, 5, 2, 2, 1, 1, 0, 0, 0, 0, 0, 0, 0, 0, 0, 0, 0, 0, 0, 0, 0, 0, 0, 0, 0, 0, 0, 0, 0, 0, 0, 0, 0, 0]]}, "OS": {"layer": 6, "cluster": [[7935523545], [6095403229], [1725124823], [1417408797, 1400417788, 1315013816, 1308477946, 1210302910, 1094359948], [892874161, 677848441, 668957881, 643126510, 517356448, 490642152, 391596300], [297194218, 279130412, 277480218, 267183133, 233403260, 215464775, 211435195, 196705851, 157351755, 140137087, 138439390, 93227391, 86882687, 55808239, 50575489, 49899609, 45986899, 42493955, 42314760, 39652446, 35835461, 29238963, 28400304, 23008531, 22175608, 20283502, 19798115, 19776534, 17105032, 13561325, 12922327, 12653359, 11262440, 7181797, 6026397, 4946648, 4829300, 4299390, 4150879, 3277570, 3112329, 2850406, 2757450, 2730236, 2716232, 1862033, 1827134, 1432180, 750751, 745000, 606767, 545742, 486839, 342158, 340390, 300000, 293580, 243595, 234074, 196089, 171525, 166709, 132225, 92643, 47975, 43563, 34000, 31613, 26005, 24000, 23997, 13151, 1782, 1466, 1400, 575, 515, 268, 150, 133, 78, 21, 20, 15, 15, 2, 0, 0, 0, 0, 0, 0, 0, 0, 0, 0, 0, 0, 0, 0, 0, 0, 0, 0, 0, 0, 0, 0, 0, 0, 0]]}, "BC": {"layer": 6, "cluster": [[0.2085543753376337], [0.09076236536773555], [0.06129910720599549, 0.058197043098377275, 0.05274410473580521], [0.04146425031842161, 0.04057477368569804, 0.03854716732003272, 0.03639706849587707], [0.027284949892405475, 0.025550608918713, 0.02542124911088496, 0.024190918503583857, 0.020273244092088877, 0.019337604813338575, 0.017802465698478383, 0.015858101945640645, 0.013587004260066324, 0.013297585165556562], [0.010022320337614455, 0.009941792706616397, 0.009745423646935387, 0.009247358167220325, 0.008138500652786367, 0.008009926933736458, 0.007997450128513078, 0.007841475030830772, 0.007644871281846071, 0.007059666496541771, 0.0069345019023435645, 0.006725829249078549, 0.006557346357346357, 0.006440295456095987, 0.006251455521237203, 0.006222222222222222, 0.006116402116402116, 0.005904761904761904, 0.005628869655130466, 0.0041013756885679336, 0.003594402139050525, 0.002857142857142857, 0.001958962914576085, 0.0017229371157942586, 0.0010382093215426545, 0.0009652726721354172, 0.0007918619299571677, 0.0007285714285714286, 0.0007281179138321992, 0.0006900478710002519, 0.0006580472802147679, 0.0005606262460272485, 0.0005139627568198997, 0.00044876298206682994, 0.00042826908541194255, 0.00042050436336150645, 0.000405200256740873, 0.0003032570603999175, 0.0002771988709332068, 0.00019269566412423553, 0.00017006802721088434, 0.00014397031539888682, 0.0001326239897668469, 6.349206349206349e-05, 5.555555555555555e-05, 3.4963273058511156e-05, 1.5873015873015872e-05, 1.0871195081721396e-05, 0.0, 0.0, 0.0, 0.0, 0.0, 0.0, 0.0, 0.0, 0.0, 0.0, 0.0, 0.0, 0.0, 0.0, 0.0, 0.0, 0.0, 0.0, 0.0, 0.0, 0.0, 0.0, 0.0, 0.0, 0.0, 0.0, 0.0, 0.0, 0.0, 0.0, 0.0, 0.0, 0.0, 0.0, 0.0, 0.0, 0.0, 0.0, 0.0, 0.0, 0.0, 0.0, 0.0, 0.0, 0.0, 0.0, 0.0, 0.0, 0.0, 0.0, 0.0, 0.0, 0.0, 0.0, 0.0, 0.0, 0.0, 0.0, 0.0, 0.0]]}, "DC": {"layer": 6, "cluster": [[0.7301587301587301], [0.46825396825396826], [0.3492063492063492, 0.32539682539682535, 0.31746031746031744, 0.31746031746031744, 0.30158730158730157, 0.30158730158730157, 0.2936507936507936, 0.2698412698412698, 0.26190476190476186, 0.25396825396825395, 0.24603174603174602, 0.24603174603174602], [0.21428571428571427, 0.1984126984126984, 0.19047619047619047, 0.19047619047619047, 0.18253968253968253, 0.18253968253968253, 0.1746031746031746, 0.1746031746031746, 0.15873015873015872, 0.15873015873015872, 0.15873015873015872, 0.15873015873015872, 0.14285714285714285, 0.14285714285714285, 0.14285714285714285], [0.11904761904761904, 0.11904761904761904, 0.1111111111111111, 0.1111111111111111, 0.1111111111111111, 0.1111111111111111, 0.1111111111111111, 0.1111111111111111, 0.10317460317460317, 0.10317460317460317, 0.10317460317460317, 0.09523809523809523], [0.07936507936507936, 0.07142857142857142, 0.07142857142857142, 0.07142857142857142, 0.07142857142857142, 0.06349206349206349, 0.06349206349206349, 0.06349206349206349, 0.06349206349206349, 0.05555555555555555, 0.05555555555555555, 0.047619047619047616, 0.047619047619047616, 0.047619047619047616, 0.047619047619047616, 0.03968253968253968, 0.03968253968253968, 0.031746031746031744, 0.031746031746031744, 0.031746031746031744, 0.031746031746031744, 0.031746031746031744, 0.031746031746031744, 0.023809523809523808, 0.023809523809523808, 0.023809523809523808, 0.023809523809523808, 0.023809523809523808, 0.023809523809523808, 0.023809523809523808, 0.023809523809523808, 0.023809523809523808, 0.023809523809523808, 0.023809523809523808, 0.015873015873015872, 0.015873015873015872, 0.015873015873015872, 0.015873015873015872, 0.015873015873015872, 0.015873015873015872, 0.015873015873015872, 0.015873015873015872, 0.015873015873015872, 0.015873015873015872, 0.015873015873015872, 0.015873015873015872, 0.015873015873015872, 0.015873015873015872, 0.015873015873015872, 0.015873015873015872, 0.015873015873015872, 0.015873015873015872, 0.015873015873015872, 0.015873015873015872, 0.007936507936507936, 0.007936507936507936, 0.007936507936507936, 0.007936507936507936, 0.007936507936507936, 0.007936507936507936, 0.007936507936507936, 0.007936507936507936, 0.007936507936507936, 0.007936507936507936, 0.007936507936507936, 0.007936507936507936, 0.007936507936507936, 0.007936507936507936, 0.007936507936507936, 0.007936507936507936, 0.007936507936507936, 0.007936507936507936, 0.007936507936507936, 0.007936507936507936, 0.007936507936507936, 0.007936507936507936, 0.007936507936507936, 0.007936507936507936, 0.007936507936507936, 0.007936507936507936, 0.007936507936507936, 0.007936507936507936, 0.007936507936507936, 0.007936507936507936, 0.007936507936507936, 0.007936507936507936]]}, "CC": {"layer": 6,