{"IS": {"layer": 6, "cluster": [[15600100503], [3700248900], [1628721280, 1568617742, 1516836485, 1477439997], [828249572, 751087604], [491053184, 467939280, 437897160, 382620844], [224278829, 210743692, 207304400, 202564237, 188960555, 160774909, 138140584, 131280528, 120067892, 95830904, 84768018, 48755943, 47210621, 45527436, 44383044, 30765226, 30042971, 23916861, 23794061, 21303463, 19230125, 17551605, 14260498, 13090759, 10045918, 8083754, 5089684, 4188660, 2729925, 2528987, 1088817, 558926, 336522, 284000, 127269, 114177, 101150, 73834, 62528, 60545, 56800, 50488, 45771, 41510, 18500, 13500, 13070, 10000, 9183, 5584, 5025, 3084, 2523, 2512, 1578, 1221, 1019, 1010, 750, 636, 500, 499, 355, 350, 298, 265, 228, 195, 176, 174, 133, 103, 78, 70, 53, 36, 25, 20, 15, 10, 6, 5, 5, 2, 2, 1, 1, 0, 0, 0, 0, 0, 0, 0, 0, 0, 0, 0, 0, 0, 0, 0, 0, 0, 0, 0, 0, 0, 0, 0, 0, 0, 0, 0, 0]]}, "OS": {"layer": 6, "cluster": [[7935523545], [6095403229], [1725124823], [1417408797, 1400417788, 1315013816, 1308477946, 1210302910, 1094359948], [892874161, 677848441, 668957881, 643126510, 517356448, 490642152, 391596300], [297194218, 279130412, 277480218, 267183133, 233403260, 215464775, 211435195, 196705851, 157351755, 140137087, 138439390, 93227391, 86882687, 55808239, 50575489, 49899609, 45986899, 42493955, 42314760, 39652446, 35835461, 29238963, 28400304, 23008531, 22175608, 20283502, 19798115, 19776534, 17105032, 13561325, 12922327, 12653359, 11262440, 7181797, 6026397, 4946648, 4829300, 4299390, 4150879, 3277570, 3112329, 2850406, 2757450, 2730236, 2716232, 1862033, 1827134, 1432180, 750751, 745000, 606767, 545742, 486839, 342158, 340390, 300000, 293580, 243595, 234074, 196089, 171525, 166709, 132225, 92643, 47975, 43563, 34000, 31613, 26005, 24000, 23997, 13151, 1782, 1466, 1400, 575, 515, 268, 150, 133, 78, 21, 20, 15, 15, 2, 0, 0, 0, 0, 0, 0, 0, 0, 0, 0, 0, 0, 0, 0, 0, 0, 0, 0, 0, 0, 0, 0, 0, 0, 0]]}, "BC": {"layer": 6, "cluster": [[0.21755071399718517], [0.09137333503436645], [0.06538284915142405, 0.061514985564967116], [0.04965794532453668, 0.042400306737425286, 0.04134204988009637, 0.037967586760982, 0.03643457501730678], [0.028913981182463126, 0.026534784964709037, 0.02569362652079739, 0.024290192559391282, 0.02026130465654275, 0.02003407582190954, 0.019909130217334554, 0.018575128927782607, 0.016145647733186434, 0.013473753575640644, 0.01278098054254622], [0.010245780930088245, 0.01009738570236971, 0.0098589022932088, 0.009588032913106628, 0.008069664902998236, 0.007931665605622555, 0.007922082878599171, 0.00768383232080711, 0.006984876336881349, 0.006931056120972087, 0.006557346357346357, 0.006436367977800684, 0.006273171625552578, 0.006222222222222222, 0.006216780045351473, 0.0060952380952380945, 0.005998907548311429, 0.005789979996077239, 0.005779138977065858, 0.005558201232482524, 0.00541963057404971, 0.004009929436899516, 0.002952380952380953, 0.0019446019160673437, 0.0019440087713270668, 0.001017327635534918, 0.0008165532879818592, 0.0008022027808110662, 0.0007907281431090952, 0.0007014430014430015, 0.0006855828474876094, 0.000662806329472996, 0.0006426837206617538, 0.0005005837752704921, 0.0004456496403275115, 0.00042826908541194255, 0.0004178199225818273, 0.0003666809955629832, 0.00031450700974510495, 0.00029932659932659935, 0.00018818571199523575, 0.00017006802721088434, 0.0001422524565381708, 0.00012479055336198194, 6.349206349206349e-05, 5.555555555555555e-05, 3.3458187593525936e-05, 3.150611571664203e-05, 1.5873015873015872e-05, 1.0704110704110703e-05, 0.0, 0.0, 0.0, 0.0, 0.0, 0.0, 0.0, 0.0, 0.0, 0.0, 0.0, 0.0, 0.0, 0.0, 0.0, 0.0, 0.0, 0.0, 0.0, 0.0, 0.0, 0.0, 0.0, 0.0, 0.0, 0.0, 0.0, 0.0, 0.0, 0.0, 0.0, 0.0, 0.0, 0.0, 0.0, 0.0, 0.0, 0.0, 0.0, 0.0, 0.0, 0.0, 0.0, 0.0, 0.0, 0.0, 0.0, 0.0, 0.0, 0.0, 0.0, 0.0, 0.0, 0.0, 0.0, 0.0, 0.0]]}, "DC": {"layer": 6, "cluster": [[0.746031746031746], [0.47619047619047616], [0.3492063492063492, 0.3333333333333333, 0.32539682539682535, 0.32539682539682535, 0.30158730158730157, 0.30158730158730157, 0.2936507936507936, 0.2777777777777778, 0.2698412698412698, 0.25396825396825395, 0.25396825396825395, 0.24603174603174602], [0.21428571428571427, 0.1984126984126984, 0.1984126984126984, 0.19047619047619047, 0.18253968253968253, 0.18253968253968253, 0.1746031746031746, 0.1746031746031746, 0.16666666666666666, 0.15873015873015872, 0.15873015873015872, 0.15873015873015872, 0.15079365079365079, 0.15079365079365079, 0.15079365079365079, 0.14285714285714285], [0.12698412698412698, 0.11904761904761904, 0.11904761904761904, 0.11904761904761904, 0.1111111111111111, 0.1111111111111111, 0.1111111111111111, 0.1111111111111111, 0.10317460317460317, 0.10317460317460317, 0.10317460317460317], [0.07936507936507936, 0.07142857142857142, 0.07142857142857142, 0.07142857142857142, 0.07142857142857142, 0.07142857142857142, 0.06349206349206349, 0.06349206349206349, 0.06349206349206349, 0.05555555555555555, 0.05555555555555555, 0.047619047619047616, 0.047619047619047616, 0.047619047619047616, 0.047619047619047616, 0.047619047619047616, 0.03968253968253968, 0.03968253968253968, 0.03968253968253968, 0.031746031746031744, 0.031746031746031744, 0.031746031746031744, 0.031746031746031744, 0.023809523809523808, 0.023809523809523808, 0.023809523809523808, 0.023809523809523808, 0.023809523809523808, 0.023809523809523808, 0.023809523809523808, 0.023809523809523808, 0.023809523809523808, 0.023809523809523808, 0.023809523809523808, 0.015873015873015872, 0.015873015873015872, 0.015873015873015872, 0.015873015873015872, 0.015873015873015872, 0.015873015873015872, 0.015873015873015872, 0.015873015873015872, 0.015873015873015872, 0.015873015873015872, 0.015873015873015872, 0.015873015873015872, 0.015873015873015872, 0.015873015873015872, 0.015873015873015872, 0.015873015873015872, 0.015873015873015872, 0.015873015873015872, 0.015873015873015872, 0.015873015873015872, 0.015873015873015872, 0.007936507936507936, 0.007936507936507936, 0.007936507936507936, 0.007936507936507936, 0.007936507936507936, 0.007936507936507936, 0.007936507936507936, 0.007936507936507936, 0.007936507936507936, 0.007936507936507936, 0.007936507936507936, 0.007936507936507936, 0.007936507936507936, 0.007936507936507936, 0.007936507936507936, 0.007936507936507936, 0.007936507936507936, 0.007936507936507936, 0.007936507936507936, 0.007936507936507936, 0.007936507936507936, 0.007936507936507936, 0.007936507936507936, 0.007936507936507936, 0.007936507936507936, 0.007936507936507936, 0.007936507936507936, 0.007936507936507936, 0.007936507936507936, 0.007936507936507936, 0.007936507936507936]]}, "CC": {"layer": 6,