{"IS": {"layer": 6, "cluster": [[15594697893], [3700248900], [1628612898, 1568617742, 1516836485, 1477439997], [828249572, 751087604], [491053184, 467939280, 437789779, 382620844], [224126834, 210743692, 207304400, 202564237, 188960555, 160683842, 138140584, 131280528, 120067892, 95830904, 84768014, 48755943, 47210621, 45527436, 44221792, 30765226, 30042971, 23916861, 23794061, 21303463, 19230125, 17551605, 14260498, 13090759, 10045918, 5087402, 4188660, 2729925, 2528954, 1088817, 557540, 336522, 284000, 127269, 114177, 101150, 73834, 62528, 60545, 56800, 50488, 45771, 41510, 18500, 13500, 13070, 10000, 9183, 5584, 5025, 3084, 2523, 2512, 1578, 1221, 1019, 1010, 750, 636, 500, 499, 355, 350, 298, 265, 228, 195, 176, 174, 103, 78, 70, 53, 36, 25, 20, 15, 10, 6, 5, 2, 1, 1, 0, 0, 0, 0, 0, 0, 0, 0, 0, 0, 0, 0, 0, 0, 0, 0, 0, 0, 0, 0, 0, 0, 0, 0, 0, 0]]}, "OS": {"layer": 6, "cluster": [[7935523534], [6095403052], [1725124823], [1417408797, 1400417777, 1315013816, 1301138256, 1210302903, 1094359948, 892874148], [677847481, 668957799, 643126510, 517356448, 490642152, 391596300], [297194218, 279126392, 277480218, 267183133, 233403255, 215464775, 211435195, 196705851, 157351755, 140137087, 138439390, 93227389, 86882687, 55808225, 50575108, 49899607, 45986888, 42493955, 42314760, 38914800, 35835460, 29238963, 28400304, 23008507, 22175608, 20283502, 19798115, 19776534, 17105032, 13561324, 12922320, 12653359, 11262440, 7181769, 4946360, 4829300, 4299390, 4150782, 3277570, 3112329, 2850257, 2757450, 2730236, 2716232, 1862032, 1827134, 1432180, 750751, 745000, 606767, 545742, 486839, 342118, 340390, 300000, 293580, 243595, 234074, 196089, 171525, 166704, 132225, 92643, 47975, 43563, 34000, 31613, 26005, 24000, 23997, 13151, 1782, 1466, 1340, 575, 515, 268, 150, 78, 20, 15, 15, 0, 0, 0, 0, 0, 0, 0, 0, 0, 0, 0, 0, 0, 0, 0, 0, 0, 0, 0, 0, 0, 0, 0]]}, "BC": {"layer": 6, "cluster": [[0.23518861916395217], [0.09973878211496992], [0.06563206452370636, 0.06294666379094303, 0.05604985439963941], [0.043623690368242055, 0.04331838244299383, 0.04240677734429195], [0.03317130433529304, 0.028228887239354048, 0.028146102766715714, 0.02638444898758649, 0.02463489344898534, 0.021893423968416814, 0.019277495152211367, 0.018737771676805022, 0.017152957631407072, 0.015378405743654925, 0.013492897158863546], [0.011059779001984073, 0.011049823646733849, 0.01075441434293771, 0.00927029180999733, 0.008999866360685688, 0.008884571186142588, 0.008387901060602493, 0.007975649905313612, 0.007495657809414055, 0.007409649133882522, 0.007350115511262322, 0.007094106873518638, 0.006722689075630252, 0.006611811391223156, 0.006372549019607843, 0.006372549019607841, 0.006235381462526141, 0.006102125894974815, 0.005427348158707263, 0.004730797946389209, 0.004224295435985995, 0.0030812324929971988, 0.0025335566433255514, 0.0019542323431642316, 0.0017402845037741105, 0.001138973963368427, 0.0010822018518281229, 0.000818577430972389, 0.0007832577475434618, 0.0005956296660078172, 0.0004974833070483095, 0.0004941969048942483, 0.00048810433264214793, 0.0004723556089102307, 0.0004379820052706854, 0.000386965392217493, 0.0003330725820774471, 0.00021253198248996565, 0.00018757503001200478, 0.00017568390992760737, 0.00014914124157821638, 7.002801120448179e-05, 6.127450980392157e-05, 4.897792450313458e-05, 1.7507002801120447e-05, 1.3060779867502555e-05, 0.0, 0.0, 0.0, 0.0, 0.0, 0.0, 0.0, 0.0, 0.0, 0.0, 0.0, 0.0, 0.0, 0.0, 0.0, 0.0, 0.0, 0.0, 0.0, 0.0, 0.0, 0.0, 0.0, 0.0, 0.0, 0.0, 0.0, 0.0, 0.0, 0.0, 0.0, 0.0, 0.0, 0.0, 0.0, 0.0, 0.0, 0.0, 0.0, 0.0, 0.0, 0.0, 0.0, 0.0, 0.0, 0.0, 0.0, 0.0, 0.0, 0.0, 0.0, 0.0, 0.0, 0.0, 0.0, 0.0]]}, "DC": {"layer": 6, "cluster": [[0.75], [0.48333333333333334], [0.35, 0.3333333333333333, 0.325, 0.30833333333333335, 0.30833333333333335, 0.3], [0.2833333333333333, 0.26666666666666666, 0.25, 0.25, 0.25, 0.225], [0.2, 0.19166666666666665, 0.19166666666666665, 0.19166666666666665, 0.18333333333333332, 0.18333333333333332, 0.175, 0.16666666666666666, 0.16666666666666666, 0.15833333333333333, 0.15, 0.15, 0.14166666666666666, 0.14166666666666666], [0.125, 0.11666666666666667, 0.11666666666666667, 0.11666666666666667, 0.11666666666666667, 0.10833333333333334, 0.10833333333333334, 0.10833333333333334, 0.10833333333333334, 0.1, 0.1, 0.09166666666666666, 0.08333333333333333, 0.075, 0.075, 0.075, 0.06666666666666667, 0.06666666666666667, 0.06666666666666667, 0.06666666666666667, 0.058333333333333334, 0.058333333333333334, 0.058333333333333334, 0.05, 0.05, 0.05, 0.05, 0.041666666666666664, 0.03333333333333333, 0.03333333333333333, 0.03333333333333333, 0.03333333333333333, 0.03333333333333333, 0.03333333333333333, 0.03333333333333333, 0.025, 0.025, 0.025, 0.025, 0.025, 0.025, 0.025, 0.025, 0.025, 0.025, 0.016666666666666666, 0.016666666666666666, 0.016666666666666666, 0.016666666666666666, 0.016666666666666666, 0.016666666666666666, 0.016666666666666666, 0.016666666666666666, 0.016666666666666666, 0.016666666666666666, 0.016666666666666666, 0.016666666666666666, 0.016666666666666666, 0.016666666666666666, 0.016666666666666666, 0.016666666666666666, 0.016666666666666666, 0.016666666666666666, 0.008333333333333333, 0.008333333333333333, 0.008333333333333333, 0.008333333333333333, 0.008333333333333333, 0.008333333333333333, 0.008333333333333333, 0.008333333333333333, 0.008333333333333333, 0.008333333333333333, 0.008333333333333333, 0.008333333333333333, 0.008333333333333333, 0.008333333333333333, 0.008333333333333333, 0.008333333333333333, 0.008333333333333333, 0.008333333333333333, 0.008333333333333333, 0.008333333333333333, 0.008333333333333333, 0.008333333333333333, 0.008333333333333333, 0.008333333333333333, 0.008333333333333333, 0.008333333333333333, 0.008333333333333333, 0.008333333333333333, 0.008333333333333333, 0.008333333333333333]]}, "CC": {"layer": 6, "cluster": [[0.5818181818181819], [0.4314606741573034, 0.41967213114754104, 0.41513513513513517, 0.4129032258064516, 0.41069518716577547, 0.4085106382978723, 0.4, 0.3979274611398964, 0.3938461538461539, 0.38787878787878793, 0.384, 0.3783251231527094], [0.37281553398058254, 0.36746411483253594, 0.3639810426540284, 0.3639810426540284, 0.36226415094339626, 0.36226415094339626, 0.36056338028169016, 0.3588785046728972, 0.3572093023255814, 0.3531906906906907, 0.3531906906906907, 0.3506849315068493, 0.3475113122171946, 0.3475113122171946, 0.34594594594594597, 0.34439461883408073, 0.34239446870451234, 0.33832599118942736, 0.33832599118942736, 0.3368421052631579, 0.3310344827586207, 0.3282051282051282, 0.32542372881355935, 0.3240506329113924, 0.3226890756302521, 0.3213389121338912, 0.32000000000000006, 0.31735537190082647, 0.3160493827160494, 0.30720000000000003, 0.3059760956175299, 0.30355731225296445, 0.3011764705882353, 0.3011764705882353, 0.2965250965250965, 0.2947681704260652, 0.2920152091254753, 0.29090909090909095, 0.28932964329643296, 0.28444444444444444, 0.28408816425120775, 0.2833948339483395, 0.2813186813186814, 0.2751169590643275, 0.275028636884307], [0.26759581881533107, 0.26759581881533107, 0.26482758620689656, 0.2613611111111111, 0.2613611111111111, 0.2594594594594595, 0.25877337733773376, 0.25858585858585864, 0.25858585858585864, 0.2537486515641855, 0.2513087606837607, 0.2513087606837607, 0.2513087606837607, 0.2513087606837607, 0.2513087606837607, 0.25098039215686274, 0.24935064935064935, 0.24854368932038834, 0.247741935483871, 0.247741935483871, 0.2407523510971787, 0.23904979674796747, 0.23832320162107398, 0.23832320162107398, 0.23630769230769233, 0.23486238532110093, 0.23272727272727273, 0.22857142857142856, 0.22596061479346785, 0.22402380952380951], [0.21392757660167133, 0.20210526315789476, 0.1849253144654088, 0.1786046511627907], [0.008333333333333333, 0.008333333333333333, 0.008333333333333333, 0.0, 0.0, 0.0, 0.0, 0.0, 0.0, 0.0, 0.0, 0.0, 0.0, 0.0, 0.0, 0.0, 0.0, 0.0, 0.0, 0.0, 0.0, 0.0, 0.0, 0.0, 0.0, 0.0, 0.0, 0.0, 0.0]]}, "E": {"layer": 6,