{"IS": {"layer": 6, "cluster": [[17622532712], [4095263145], [1653381476, 1515086474, 1509688125], [983591786], [694947921, 588288520, 558628932, 352878705, 331224424, 325106511], [259794575, 233751193, 208028360, 182482260, 132748585, 128014852, 117977517, 102837090, 87654214, 67254988, 66251616, 61278280, 56554396, 49832404, 45182327, 44269028, 41436500, 28074894, 27551778, 23127860, 13833893, 9864943, 9771258, 8381428, 5625112, 4508505, 3898104, 3695889, 3526137, 2361776, 1751461, 466127, 342811, 300212, 247501, 201522, 171500, 156900, 156010, 76638, 72650, 61199, 60219, 41303, 36013, 27147, 24684, 24381, 13000, 12042, 10594, 10587, 10035, 9662, 5182, 4075, 3496, 3044, 2763, 2600, 2353, 1714, 1268, 1151, 1050, 1000, 963, 864, 750, 705, 650, 501, 331, 301, 290, 200, 147, 95, 88, 80, 53, 51, 25, 20, 20, 9, 6, 2, 1, 1, 1, 1, 0, 0, 0, 0, 0, 0, 0, 0, 0, 0, 0, 0, 0, 0, 0, 0, 0, 0]]}, "OS": {"layer": 6, "cluster": [[8011460826], [7016694586], [1993558399], [1561383731, 1527336902, 1422200011, 1418039886, 1337832764, 1174443125], [845191763, 696001178, 582109252, 556808514], [422887512, 321349504, 318220880, 284262254, 264946416, 251936528, 241909426, 227735623, 196156001, 152190675, 150291224, 135437897, 129957455, 118809269, 106731921, 88067442, 85468443, 71833728, 69087250, 66218990, 49268432, 38508590, 38314815, 37376050, 34364214, 27921459, 18566104, 18548619, 16733098, 13790611, 13577348, 13510395, 12433352, 12005850, 11340236, 11243920, 8978739, 7254615, 5678656, 4930174, 2929808, 2449252, 2426982, 2361782, 2061088, 1686259, 1625273, 1482740, 1401968, 622302, 582289, 538353, 516945, 391561, 379365, 373094, 330858, 315100, 299148, 180000, 162000, 131000, 93572, 75000, 50000, 44011, 35813, 31250, 16297, 7750, 1050, 911, 735, 209, 112, 5, 5, 3, 0, 0, 0, 0, 0, 0, 0, 0, 0, 0, 0, 0, 0, 0, 0, 0, 0, 0, 0, 0, 0, 0, 0, 0, 0, 0, 0, 0, 0, 0, 0]]}, "BC": {"layer": 6, "cluster": [[0.2712824293845518], [0.08536854598018016], [0.061625508984818056, 0.05387645821077712, 0.05214859997749986, 0.05160032007924578], [0.033739525593050455, 0.030847876057799484, 0.029712557491483105, 0.02737274218462278, 0.025953874348935275, 0.02558065068158438, 0.025301773142682234, 0.0230584186913953], [0.017323240161646568, 0.016650019980344214, 0.014016704482076257, 0.013431987015886448, 0.012836549212014567, 0.012683507760987107, 0.011397455054407887, 0.01071060842576484, 0.00906271662986539], [0.007630434197187964, 0.007302246460304311, 0.007153965136270421, 0.007074637706322197, 0.006955922865013775, 0.006738151329485794, 0.006140177736252117, 0.006043880362062179, 0.0059961182068620075, 0.005991735537190082, 0.005685447886721989, 0.005612774281081152, 0.005578886950119326, 0.004163038463373648, 0.003807011592325325, 0.003783731685132763, 0.0033688766768073405, 0.003172245658876675, 0.003068288655417864, 0.0030650860233362013, 0.002954588211352127, 0.0022652520747333924, 0.002138858170194257, 0.001028959179785626, 0.0008669568621359254, 0.0008030571357017638, 0.0005739811625202972, 0.0005715530321337193, 0.0004302817629263909, 0.00042611772983673803, 0.00036932993544563784, 0.00029770291229077656, 0.00015937534350271345, 0.00013000136278373193, 0.00012729274092910457, 7.460973370064278e-05, 6.887052341597796e-05, 6.0881879063697243e-05, 3.673094582185491e-05, 2.8696051423324147e-05, 0.0, 0.0, 0.0, 0.0, 0.0, 0.0, 0.0, 0.0, 0.0, 0.0, 0.0, 0.0, 0.0, 0.0, 0.0, 0.0, 0.0, 0.0, 0.0, 0.0, 0.0, 0.0, 0.0, 0.0, 0.0, 0.0, 0.0, 0.0, 0.0, 0.0, 0.0, 0.0, 0.0, 0.0, 0.0, 0.0, 0.0, 0.0, 0.0, 0.0, 0.0, 0.0, 0.0, 0.0, 0.0, 0.0, 0.0, 0.0, 0.0, 0.0, 0.0, 0.0, 0.0, 0.0, 0.0, 0.0, 0.0, 0.0, 0.0]]}, "DC": {"layer": 6, "cluster": [[0.7603305785123967], [0.4297520661157025], [0.36363636363636365, 0.34710743801652894, 0.3140495867768595, 0.3140495867768595, 0.2975206611570248, 0.2892561983471075], [0.2644628099173554, 0.2644628099173554, 0.25619834710743805, 0.25619834710743805, 0.24793388429752067, 0.2231404958677686, 0.2066115702479339, 0.2066115702479339], [0.19008264462809918, 0.18181818181818182, 0.18181818181818182, 0.17355371900826447, 0.1652892561983471, 0.1652892561983471, 0.15702479338842976, 0.15702479338842976, 0.1487603305785124, 0.1487603305785124, 0.1322314049586777, 0.1322314049586777, 0.1322314049586777, 0.12396694214876033, 0.12396694214876033, 0.12396694214876033, 0.11570247933884298, 0.10743801652892562], [0.09917355371900827, 0.09090909090909091, 0.09090909090909091, 0.09090909090909091, 0.08264462809917356, 0.08264462809917356, 0.0743801652892562, 0.0743801652892562, 0.0743801652892562, 0.0743801652892562, 0.06611570247933884, 0.06611570247933884, 0.06611570247933884, 0.05785123966942149, 0.049586776859504134, 0.049586776859504134, 0.049586776859504134, 0.049586776859504134, 0.049586776859504134, 0.04132231404958678, 0.04132231404958678, 0.03305785123966942, 0.03305785123966942, 0.03305785123966942, 0.03305785123966942, 0.03305785123966942, 0.024793388429752067, 0.024793388429752067, 0.024793388429752067, 0.024793388429752067, 0.024793388429752067, 0.024793388429752067, 0.024793388429752067, 0.024793388429752067, 0.024793388429752067, 0.01652892561983471, 0.01652892561983471, 0.01652892561983471, 0.01652892561983471, 0.01652892561983471, 0.01652892561983471, 0.01652892561983471, 0.01652892561983471, 0.01652892561983471, 0.01652892561983471, 0.01652892561983471, 0.01652892561983471, 0.01652892561983471, 0.01652892561983471, 0.01652892561983471, 0.01652892561983471, 0.01652892561983471, 0.01652892561983471, 0.008264462809917356, 0.008264462809917356, 0.008264462809917356, 0.008264462809917356, 0.008264462809917356, 0.008264462809917356, 0.008264462809917356, 0.008264462809917356, 0.008264462809917356, 0.008264462809917356, 0.008264462809917356, 0.008264462809917356, 0.008264462809917356, 0.008264462809917356, 0.008264462809917356, 0.008264462809917356, 0.008264462809917356, 0.008264462809917356, 0.008264462809917356, 0.008264462809917356, 0.008264462809917356, 0.008264462809917356, 0.008264462809917356, 0.008264462809917356, 0.008264462809917356, 0.008264462809917356, 0.008264462809917356, 0.008264462809917356, 0.008264462809917356, 0.008264462809917356, 0.008264462809917356, 0.008264462809917356, 0.008264462809917356, 0.008264462809917356, 0.008264462809917356]]}, "CC": {"layer": 6,