{"IS": {"layer": 6, "cluster": [[17622532712], [4095263145], [1653381476, 1515352435, 1509688125], [983591787], [694947921, 588288520, 558628932, 352878705, 331224424, 325240925], [259794575, 233751193, 208028360, 182482260, 132748585, 128014853, 117977694, 102837090, 87654214, 67254988, 66251616, 61302745, 56554396, 49832404, 45182327, 44269028, 41436500, 28074894, 27551778, 23127860, 13833893, 9868943, 9776665, 8381428, 5625112, 5139361, 4508505, 3898104, 3695889, 3526137, 2361776, 1751461, 466128, 342811, 300212, 249251, 201522, 171500, 156901, 156010, 76638, 72650, 61199, 60219, 41303, 36013, 27147, 24684, 24381, 13000, 12042, 10594, 10587, 10035, 9662, 5182, 4075, 3496, 3044, 2763, 2600, 2353, 1714, 1268, 1151, 1050, 1000, 963, 864, 750, 705, 650, 501, 331, 301, 290, 200, 147, 95, 88, 80, 53, 51, 25, 20, 20, 9, 6, 2, 1, 1, 1, 1, 0, 0, 0, 0, 0, 0, 0, 0, 0, 0, 0, 0, 0, 0, 0, 0, 0, 0]]}, "OS": {"layer": 6, "cluster": [[8011460834], [7016694630], [1993561152], [1561383743, 1527709906, 1422200011, 1418039936, 1337832813, 1174443129], [845191763, 696001178, 582109448, 556808530], [422887512, 321349504, 318220880, 284262254, 264946416, 251936528, 241909426, 227735623, 196156005, 152190675, 150291224, 135983197, 129957455, 118809271, 106731921, 88067447, 85468443, 71833730, 69087250, 66332091, 49268432, 38508591, 38315104, 37376050, 34364214, 27921462, 18566104, 18548619, 16733100, 13790611, 13577353, 13510395, 13037739, 12433497, 12005850, 11340275, 11243920, 7254615, 5678656, 4930183, 2929808, 2449252, 2426982, 2361782, 2061088, 1686259, 1625273, 1482740, 1401968, 622302, 582289, 538353, 516945, 436178, 391561, 379365, 373117, 335858, 315100, 299148, 180000, 162000, 131000, 93572, 75000, 50000, 44011, 40112, 35813, 31250, 16297, 7750, 1050, 911, 742, 278, 212, 7, 5, 5, 3, 0, 0, 0, 0, 0, 0, 0, 0, 0, 0, 0, 0, 0, 0, 0, 0, 0, 0, 0, 0, 0, 0, 0, 0, 0, 0, 0, 0, 0]]}, "BC": {"layer": 6, "cluster": [[0.2506336278347183], [0.09089312172383067], [0.06947057456834797], [0.05679773816317399, 0.05532559482383103, 0.05249069840797272, 0.048497381247157634], [0.030314464847508854, 0.03026002208362322, 0.029831938336586705, 0.02539609321088399, 0.02418022786033224, 0.0237987677729464, 0.023445592303882115, 0.021446410624706248, 0.020323777747236937], [0.015798867682321985, 0.013673036389132377, 0.01353775679642386, 0.012590673449225797, 0.012577888170068939, 0.011838959734960712, 0.01079118836749088, 0.007903135676999993, 0.00783422582855945, 0.006934125369376451, 0.006909632841078445, 0.006868728644411586, 0.006862470700118868, 0.006516314507985658, 0.006224031767657293, 0.006168787180845168, 0.006164476358217044, 0.006160444126166929, 0.005793712045201774, 0.005057295713550416, 0.005042444999945488, 0.0032846977643548577, 0.003244696684244962, 0.0031956154369684408, 0.0028273459681356235, 0.0025684112005855153, 0.0024104146391457615, 0.0022726600076432204, 0.0021649780787620413, 0.001989915748668664, 0.0019450600168705965, 0.0015014578107316221, 0.0009769175059730646, 0.0008273128819125298, 0.0006893015157477969, 0.0006561119411681666, 0.0006387891398480463, 0.0005404370162106814, 0.00035725249467503765, 0.0003548249452834079, 0.00032745198169937374, 0.00025049754092673686, 0.00012446156261357454, 0.00011589846510945489, 9.801989547281513e-05, 9.000236376358568e-05, 6.774149844194554e-05, 5.913940340169849e-05, 3.6128799169037625e-05, 2.741917794078748e-05, 1.5275043766321054e-05, 0.0, 0.0, 0.0, 0.0, 0.0, 0.0, 0.0, 0.0, 0.0, 0.0, 0.0, 0.0, 0.0, 0.0, 0.0, 0.0, 0.0, 0.0, 0.0, 0.0, 0.0, 0.0, 0.0, 0.0, 0.0, 0.0, 0.0, 0.0, 0.0, 0.0, 0.0, 0.0, 0.0, 0.0, 0.0, 0.0, 0.0, 0.0, 0.0, 0.0, 0.0, 0.0, 0.0, 0.0, 0.0, 0.0, 0.0, 0.0, 0.0, 0.0, 0.0, 0.0, 0.0, 0.0, 0.0, 0.0]]}, "DC": {"layer": 6, "cluster": [[0.7622950819672132], [0.4426229508196722], [0.36885245901639346, 0.36065573770491804, 0.3524590163934426], [0.319672131147541, 0.3114754098360656, 0.30327868852459017, 0.29508196721311475, 0.27868852459016397, 0.27049180327868855, 0.27049180327868855, 0.26229508196721313, 0.2540983606557377, 0.2377049180327869], [0.21311475409836067, 0.20491803278688525, 0.19672131147540983, 0.19672131147540983, 0.18852459016393444, 0.1721311475409836, 0.1721311475409836, 0.1721311475409836, 0.1639344262295082, 0.1639344262295082, 0.14754098360655737, 0.14754098360655737, 0.13934426229508198, 0.13114754098360656, 0.13114754098360656, 0.13114754098360656, 0.13114754098360656, 0.12295081967213116, 0.12295081967213116, 0.11475409836065574], [0.09836065573770492, 0.09836065573770492, 0.09016393442622951, 0.09016393442622951, 0.09016393442622951, 0.0819672131147541, 0.0819672131147541, 0.07377049180327869, 0.07377049180327869, 0.07377049180327869, 0.07377049180327869, 0.06557377049180328, 0.06557377049180328, 0.05737704918032787, 0.05737704918032787, 0.04918032786885246, 0.04918032786885246, 0.04918032786885246, 0.04918032786885246, 0.04098360655737705, 0.04098360655737705, 0.03278688524590164, 0.03278688524590164, 0.03278688524590164, 0.03278688524590164, 0.03278688524590164, 0.03278688524590164, 0.02459016393442623, 0.02459016393442623, 0.02459016393442623, 0.02459016393442623, 0.02459016393442623, 0.02459016393442623, 0.02459016393442623, 0.02459016393442623, 0.02459016393442623, 0.01639344262295082, 0.01639344262295082, 0.01639344262295082, 0.01639344262295082, 0.01639344262295082, 0.01639344262295082, 0.01639344262295082, 0.01639344262295082, 0.01639344262295082, 0.01639344262295082, 0.01639344262295082, 0.01639344262295082, 0.01639344262295082, 0.01639344262295082, 0.01639344262295082, 0.01639344262295082, 0.01639344262295082, 0.01639344262295082, 0.01639344262295082, 0.01639344262295082, 0.01639344262295082, 0.00819672131147541, 0.00819672131147541, 0.00819672131147541, 0.00819672131147541, 0.00819672131147541, 0.00819672131147541, 0.00819672131147541, 0.00819672131147541, 0.00819672131147541, 0.00819672131147541, 0.00819672131147541, 0.00819672131147541, 0.00819672131147541, 0.00819672131147541, 0.00819672131147541, 0.00819672131147541, 0.00819672131147541, 0.00819672131147541, 0.00819672131147541, 0.00819672131147541, 0.00819672131147541, 0.00819672131147541, 0.00819672131147541, 0.00819672131147541, 0.00819672131147541, 0.00819672131147541, 0.00819672131147541, 0.00819672131147541, 0.00819672131147541, 0.00819672131147541, 0.00819672131147541]]}, "CC": {"layer": 6,