{"IS": {"layer": 6, "cluster": [[17622532712], [4095263145], [1653381476, 1515352435, 1509688125], [983591787], [694947921, 588288520, 558628932, 352878705, 331224424, 325240925], [259794575, 233751193, 208028360, 182482260, 132748585, 128014853, 117977694, 102837090, 87654214, 67254988, 66251616, 61302745, 56554396, 49832404, 45182327, 44269028, 41436500, 28074894, 27551778, 23127860, 13833893, 9868943, 9776665, 8381428, 5625112, 5139361, 4508505, 3898104, 3695889, 3526137, 2361776, 1751461, 466128, 342811, 300212, 249251, 201522, 171500, 156901, 156010, 76638, 72650, 61199, 60219, 41303, 36013, 27147, 24684, 24381, 13000, 12042, 10594, 10587, 10035, 9662, 5182, 4075, 3496, 3044, 2763, 2600, 2353, 1714, 1268, 1151, 1050, 1000, 963, 864, 750, 705, 650, 501, 331, 301, 290, 200, 147, 95, 88, 80, 53, 51, 25, 20, 20, 9, 6, 2, 1, 1, 1, 1, 0, 0, 0, 0, 0, 0, 0, 0, 0, 0, 0, 0, 0, 0, 0, 0, 0, 0]]}, "OS": {"layer": 6, "cluster": [[8011460834], [7016694630], [1993561152], [1561383743, 1527709906, 1422200011, 1418039936, 1337832813, 1174443129], [845191763, 696001178, 582109448, 556808530], [422887512, 321349504, 318220880, 284262254, 264946416, 251936528, 241909426, 227735623, 196156005, 152190675, 150291224, 135983197, 129957455, 118809271, 106731921, 88067447, 85468443, 71833730, 69087250, 66332091, 49268432, 38508591, 38315104, 37376050, 34364214, 27921462, 18566104, 18548619, 16733100, 13790611, 13577353, 13510395, 13037739, 12433497, 12005850, 11340275, 11243920, 7254615, 5678656, 4930183, 2929808, 2449252, 2426982, 2361782, 2061088, 1686259, 1625273, 1482740, 1401968, 622302, 582289, 538353, 516945, 436178, 391561, 379365, 373117, 335858, 315100, 299148, 180000, 162000, 131000, 93572, 75000, 50000, 44011, 40112, 35813, 31250, 16297, 7750, 1050, 911, 742, 278, 212, 7, 5, 5, 3, 0, 0, 0, 0, 0, 0, 0, 0, 0, 0, 0, 0, 0, 0, 0, 0, 0, 0, 0, 0, 0, 0, 0, 0, 0, 0, 0, 0, 0]]}, "BC": {"layer": 6, "cluster": [[0.2609792550778573], [0.0870837540593765], [0.06573106727771949], [0.05703478480024149, 0.05511940625581156, 0.05289592049672278, 0.04608415919109491], [0.030347333348281734, 0.029472341846383452, 0.029400801470908594, 0.027280421625252044, 0.024873689302855384, 0.023582344085600653, 0.023340071763150647, 0.02140765481473131, 0.020266551087933772], [0.015553873263659035, 0.013480949307557112, 0.013460215024420255, 0.012263910396055048, 0.012061368405437095, 0.011514580135744409, 0.0106699826861448, 0.008050741801409252, 0.007865896351665418, 0.006977374339520391, 0.006935600415481191, 0.006918428481045533, 0.0068410306837196145, 0.006259403780727997, 0.006227795184237403, 0.006168787180845168, 0.006164476358217044, 0.0061527518681020925, 0.005418948869270728, 0.005062259200620498, 0.0050431423499578505, 0.003501960100943176, 0.0029969204548701295, 0.00294841297326889, 0.0028076698450279717, 0.002479279773872009, 0.001925806243628724, 0.0017323456093097525, 0.0015827476088619567, 0.0009521362360233575, 0.000923380476144713, 0.0007571677617046288, 0.0006939129082280589, 0.0006786924406488152, 0.0006685839673956787, 0.0006271423559053959, 0.0005725753155214504, 0.0005599743931270826, 0.0003568959604727116, 0.0003525668953353431, 0.00032745198169937374, 0.00023765562141121014, 0.0002302524117069286, 0.00012446156261357454, 0.00010942533033992899, 9.801989547281513e-05, 8.340980534878096e-05, 6.774149844194554e-05, 5.913940340169849e-05, 3.6128799169037625e-05, 2.741917794078748e-05, 1.5053666320432342e-05, 0.0, 0.0, 0.0, 0.0, 0.0, 0.0, 0.0, 0.0, 0.0, 0.0, 0.0, 0.0, 0.0, 0.0, 0.0, 0.0, 0.0, 0.0, 0.0, 0.0, 0.0, 0.0, 0.0, 0.0, 0.0, 0.0, 0.0, 0.0, 0.0, 0.0, 0.0, 0.0, 0.0, 0.0, 0.0, 0.0, 0.0, 0.0, 0.0, 0.0, 0.0, 0.0, 0.0, 0.0, 0.0, 0.0, 0.0, 0.0, 0.0, 0.0, 0.0, 0.0, 0.0, 0.0, 0.0]]}, "DC": {"layer": 6, "cluster": [[0.778688524590164], [0.4426229508196722], [0.3770491803278689, 0.36065573770491804, 0.3524590163934426, 0.33606557377049184, 0.33606557377049184], [0.30327868852459017, 0.30327868852459017, 0.2868852459016394, 0.27868852459016397, 0.27049180327868855, 0.26229508196721313, 0.26229508196721313, 0.2377049180327869], [0.21311475409836067, 0.20491803278688525, 0.19672131147540983, 0.19672131147540983, 0.18852459016393444, 0.18032786885245902, 0.1721311475409836, 0.1721311475409836, 0.1639344262295082, 0.1639344262295082, 0.14754098360655737, 0.14754098360655737, 0.13934426229508198, 0.13934426229508198, 0.13114754098360656, 0.13114754098360656, 0.13114754098360656, 0.13114754098360656, 0.12295081967213116, 0.12295081967213116], [0.09836065573770492, 0.09836065573770492, 0.09836065573770492, 0.09016393442622951, 0.09016393442622951, 0.0819672131147541, 0.0819672131147541, 0.07377049180327869, 0.07377049180327869, 0.07377049180327869, 0.07377049180327869, 0.06557377049180328, 0.06557377049180328, 0.05737704918032787, 0.05737704918032787, 0.04918032786885246, 0.04918032786885246, 0.04918032786885246, 0.04918032786885246, 0.04098360655737705, 0.04098360655737705, 0.03278688524590164, 0.03278688524590164, 0.03278688524590164, 0.03278688524590164, 0.03278688524590164, 0.03278688524590164, 0.02459016393442623, 0.02459016393442623, 0.02459016393442623, 0.02459016393442623, 0.02459016393442623, 0.02459016393442623, 0.02459016393442623, 0.02459016393442623, 0.02459016393442623, 0.01639344262295082, 0.01639344262295082, 0.01639344262295082, 0.01639344262295082, 0.01639344262295082, 0.01639344262295082, 0.01639344262295082, 0.01639344262295082, 0.01639344262295082, 0.01639344262295082, 0.01639344262295082, 0.01639344262295082, 0.01639344262295082, 0.01639344262295082, 0.01639344262295082, 0.01639344262295082, 0.01639344262295082, 0.01639344262295082, 0.01639344262295082, 0.01639344262295082, 0.01639344262295082, 0.01639344262295082, 0.00819672131147541, 0.00819672131147541, 0.00819672131147541, 0.00819672131147541, 0.00819672131147541, 0.00819672131147541, 0.00819672131147541, 0.00819672131147541, 0.00819672131147541, 0.00819672131147541, 0.00819672131147541, 0.00819672131147541, 0.00819672131147541, 0.00819672131147541, 0.00819672131147541, 0.00819672131147541, 0.00819672131147541, 0.00819672131147541, 0.00819672131147541, 0.00819672131147541, 0.00819672131147541, 0.00819672131147541, 0.00819672131147541, 0.00819672131147541, 0.00819672131147541, 0.00819672131147541, 0.00819672131147541, 0.00819672131147541, 0.00819672131147541, 0.00819672131147541]]}, "CC": {"layer": 6,