{"IS": {"layer": 6, "cluster": [[19119773815], [3538318614], [1534672500], [1161838227, 1034233018], [731263220, 665027485], [450597508, 434710578, 354453842, 338990526, 323785886, 276996265, 249805782, 241323412, 210146190, 205955369, 193987600, 182427694, 159766680, 144560690, 141903894, 80819604, 67328863, 56872170, 28229333, 28191639, 27913313, 20604232, 11647310, 10401924, 7656959, 6776216, 6033452, 5650560, 3438679, 2744109, 2575933, 2273610, 2114024, 1947714, 1239051, 590914, 426406, 369499, 289634, 275105, 180000, 126944, 121531, 105335, 100000, 92922, 73628, 58249, 54393, 41749, 34676, 32933, 22001, 20000, 18059, 10769, 10000, 10000, 3648, 3375, 2462, 2183, 2083, 2000, 1358, 1194, 1000, 962, 855, 682, 400, 108, 81, 50, 20, 13, 10, 8, 8, 5, 5, 4, 2, 1, 1, 0, 0, 0, 0, 0, 0, 0, 0, 0, 0, 0, 0, 0, 0, 0, 0, 0, 0, 0, 0, 0, 0]]}, "OS": {"layer": 6, "cluster": [[8331833973], [7851902072], [1853851792], [1453573565, 1365160301], [1167673912, 1074091531, 1032249232, 965386914, 815912632, 785679371, 740377899], [496325801, 429775948, 355252215, 323795970, 298033301, 291789033, 253808928, 239874048, 222230780, 181489699, 178735293, 168987616, 130086445, 122600687, 121056409, 112098850, 92135958, 68704780, 68042523, 65213772, 61879474, 61621270, 34807911, 33772826, 30155018, 22723615, 21913325, 20694064, 17372367, 16323000, 12534916, 11288169, 11273247, 8919342, 8265956, 6635470, 6317574, 4028123, 3774480, 3026091, 2182580, 1978701, 1529025, 1314492, 1066938, 1051904, 897929, 816461, 749529, 716083, 679341, 555972, 551667, 487024, 360221, 356916, 335297, 286501, 266222, 186304, 125471, 108020, 102758, 75500, 63819, 40380, 36827, 24733, 20008, 19444, 18600, 10740, 10000, 1663, 136, 34, 19, 4, 2, 1, 1, 0, 0, 0, 0, 0, 0, 0, 0, 0, 0, 0, 0, 0, 0, 0, 0, 0, 0, 0, 0, 0]]}, "BC": {"layer": 6, "cluster": [[0.2537130715559151], [0.07062969291449345, 0.06454281987427464], [0.04928596907055539, 0.047471533077937035, 0.046386310751485624], [0.0410564871057869, 0.03599848407354527, 0.03347868056124961], [0.026371744340018675, 0.020716763997863253, 0.020260145174987886, 0.018667623533569565, 0.01825263033699429, 0.017843104817555848, 0.017708810005004648, 0.016537671860580215, 0.015384129216559315, 0.014893649740192113, 0.013103867707572683, 0.012437454837194347], [0.010879807306403389, 0.010231798027084906, 0.009820562543869791, 0.009762505334145874, 0.009450964802385482, 0.009373215666638837, 0.007634617039172005, 0.007462321991995685, 0.007300094816687737, 0.007028618247991772, 0.006680656758813148, 0.006375332605916101, 0.005516068093730447, 0.005336198394837086, 0.0050802480533688925, 0.0037516891073788913, 0.003675033687322429, 0.00350255188869285, 0.003102876447255364, 0.002790178596432338, 0.0026626774758639633, 0.0024397729336815494, 0.0024223334692614015, 0.0012407939406660462, 0.0012129713611108161, 0.0011743753200374565, 0.000945316228581083, 0.0008205641855108279, 0.0006362239712499063, 0.0005922940400658479, 0.0004634319639525262, 0.0003459993879557723, 0.0003201659451659452, 0.0003173313718759191, 0.0002968473720795095, 0.0002243430558063934, 3.6214707121786766e-05, 2.915989404611402e-05, 1.220067673086934e-05, 0.0, 0.0, 0.0, 0.0, 0.0, 0.0, 0.0, 0.0, 0.0, 0.0, 0.0, 0.0, 0.0, 0.0, 0.0, 0.0, 0.0, 0.0, 0.0, 0.0, 0.0, 0.0, 0.0, 0.0, 0.0, 0.0, 0.0, 0.0, 0.0, 0.0, 0.0, 0.0, 0.0, 0.0, 0.0, 0.0, 0.0, 0.0, 0.0, 0.0, 0.0, 0.0, 0.0, 0.0, 0.0, 0.0, 0.0, 0.0, 0.0, 0.0, 0.0, 0.0, 0.0, 0.0]]}, "DC": {"layer": 6, "cluster": [[0.8230088495575221], [0.4690265486725664, 0.45132743362831856], [0.36283185840707965, 0.36283185840707965, 0.36283185840707965, 0.33628318584070793, 0.33628318584070793, 0.3274336283185841], [0.2743362831858407, 0.2654867256637168, 0.25663716814159293, 0.25663716814159293, 0.24778761061946902, 0.23893805309734512, 0.23008849557522124, 0.23008849557522124, 0.22123893805309736, 0.21238938053097345, 0.20353982300884954], [0.17699115044247787, 0.17699115044247787, 0.17699115044247787, 0.17699115044247787, 0.16814159292035397, 0.16814159292035397, 0.1504424778761062, 0.1504424778761062, 0.1504424778761062, 0.1504424778761062, 0.1504424778761062, 0.1415929203539823, 0.1415929203539823, 0.12389380530973451, 0.12389380530973451, 0.11504424778761062, 0.11504424778761062, 0.10619469026548672, 0.10619469026548672, 0.09734513274336283, 0.09734513274336283, 0.08849557522123894, 0.08849557522123894, 0.08849557522123894, 0.07964601769911504, 0.07964601769911504, 0.07964601769911504, 0.061946902654867256, 0.061946902654867256, 0.061946902654867256, 0.05309734513274336], [0.04424778761061947, 0.04424778761061947, 0.04424778761061947, 0.04424778761061947, 0.04424778761061947, 0.035398230088495575, 0.035398230088495575, 0.035398230088495575, 0.035398230088495575, 0.035398230088495575, 0.035398230088495575, 0.02654867256637168, 0.02654867256637168, 0.02654867256637168, 0.02654867256637168, 0.02654867256637168, 0.02654867256637168, 0.02654867256637168, 0.02654867256637168, 0.02654867256637168, 0.02654867256637168, 0.02654867256637168, 0.017699115044247787, 0.017699115044247787, 0.017699115044247787, 0.017699115044247787, 0.017699115044247787, 0.017699115044247787, 0.017699115044247787, 0.017699115044247787, 0.017699115044247787, 0.017699115044247787, 0.017699115044247787, 0.017699115044247787, 0.017699115044247787, 0.017699115044247787, 0.017699115044247787, 0.017699115044247787, 0.017699115044247787, 0.008849557522123894, 0.008849557522123894, 0.008849557522123894, 0.008849557522123894, 0.008849557522123894, 0.008849557522123894, 0.008849557522123894, 0.008849557522123894, 0.008849557522123894, 0.008849557522123894, 0.008849557522123894, 0.008849557522123894, 0.008849557522123894, 0.008849557522123894, 0.008849557522123894, 0.008849557522123894, 0.008849557522123894, 0.008849557522123894, 0.008849557522123894, 0.008849557522123894, 0.008849557522123894, 0.008849557522123894, 0.008849557522123894, 0.008849557522123894]]}, "CC": {"layer": 6, "cluster": [[0.5607787610619469], [0.43538723684933767, 0.4326996613132306, 0.4300450621640697, 0.42742283617526444, 0.42742283617526444, 0.41876106194690266], [0.40992599492832377, 0.40518696608522176, 0.40055625790139066, 0.39603019849007554, 0.39603019849007554, 0.39160528007119194, 0.3872781499046595, 0.38304560181826974, 0.3789045682850993, 0.37686744695023316, 0.3708854239827691, 0.3708854239827691, 0.3708854239827691, 0.3689333954354914, 0.36509033923303835, 0.3594735647832993, 0.3594735647832993, 0.3487430106106635, 0.34701656006308595, 0.34701656006308595, 0.34628703347441325, 0.34567540490899984, 0.3453071188805092, 0.3453071188805092, 0.34462219196732474, 0.34361443692521254, 0.34361443692521254, 0.340278374430793, 0.33700646698434306, 0.3353939958504467, 0.3353939958504467, 0.3334019345544351, 0.3334019345544351, 0.3290955170551331, 0.3290955170551331, 0.3290955170551331, 0.3290955170551331, 0.3275576875361839, 0.3275576875361839, 0.324524745984923, 0.32302924024305696], [0.31016524395019185, 0.31016524395019185, 0.3076455619279122, 0.3074444961962428, 0.30345171053135656, 0.2995613039860827, 0.2982865750329505, 0.2945266602216108, 0.2932943310993446, 0.2896584509617494, 0.2849485574501763, 0.28332575466088356, 0.2826505852126749, 0.2822102989338722, 0.2781640679870769, 0.27706460526776033, 0.2759737997352101, 0.27464144034177607, 0.27464144034177607, 0.2716951361734239, 0.2716951361734239, 0.2706461202036423, 0.26652982940206604, 0.26552024671493696, 0.2625692891179617, 0.2625692891179617], [0.25214872349907685, 0.2494567442446383, 0.2488938053097345, 0.24769379905563027, 0.2454843011274094, 0.24464647074813498, 0.24464647074813498, 0.23579413134606425, 0.23579413134606425, 0.23579413134606425, 0.23365781710914457, 0.23288154529150618, 0.23288154529150618, 0.23288154529150618, 0.2268399238265935, 0.20738859506728807, 0.20027812895069533], [0.008849557522123894, 0.0, 0.0, 0.0, 0.0, 0.0, 0.0, 0.0, 0.0, 0.0, 0.0, 0.0, 0.0, 0.0, 0.0, 0.0, 0.0, 0.0, 0.0, 0.0, 0.0, 0.0, 0.0]]}, "E": {"layer": 6,