{"IS": {"layer": 6, "cluster": [[19119773815], [3538318614], [1534401744], [1161838227, 1032159648], [731263219, 665027485], [450597508, 434710578, 354453842, 338990526, 323139326, 276996265, 249805782, 241323412, 210146190, 205955369, 193987600, 182427694, 159766680, 144560690, 141903894, 80807159, 67328862, 56872170, 28229333, 28171047, 27913313, 20604232, 11647310, 10401924, 7656950, 6776215, 6033452, 5650560, 3438679, 2744109, 2575933, 2273610, 2114024, 1947714, 1236701, 590914, 369499, 289634, 275105, 180000, 126944, 121530, 105335, 100000, 92922, 73628, 58249, 54393, 41749, 34676, 32933, 22001, 20000, 18058, 10769, 10000, 3648, 3375, 2462, 2183, 2083, 2000, 1358, 1194, 1000, 962, 855, 682, 400, 108, 81, 50, 20, 13, 10, 8, 8, 5, 5, 2, 1, 1, 0, 0, 0, 0, 0, 0, 0, 0, 0, 0, 0, 0, 0, 0, 0, 0, 0, 0, 0, 0, 0]]}, "OS": {"layer": 6, "cluster": [[8331523134], [7851901998], [1853851774], [1453573563, 1365160301], [1167673854, 1074091531, 1032249232, 965386914, 815912058, 785679359, 740377875], [496325801, 429775948, 355252215, 323795970, 298033248, 291789033, 253808925, 239874026, 222230780, 181489699, 178735248, 168987616, 130086445, 122600687, 121056409, 112032829, 92135919, 68704780, 68042523, 65213772, 61879474, 61621270, 34807911, 33772826, 30155018, 22723615, 21913279, 20694064, 17372367, 16323000, 12534911, 11288060, 11273244, 8919342, 8265956, 6635470, 6317574, 4028100, 3774480, 2182580, 1978701, 1527718, 1314492, 1066938, 1051204, 897929, 816461, 749529, 716083, 679341, 555972, 551667, 487024, 360221, 356916, 335297, 286501, 266222, 186258, 125471, 108020, 96758, 75500, 63819, 36827, 24730, 20008, 19444, 18600, 10740, 1663, 136, 34, 19, 4, 2, 1, 1, 0, 0, 0, 0, 0, 0, 0, 0, 0, 0, 0, 0, 0, 0, 0, 0, 0, 0, 0, 0]]}, "BC": {"layer": 6, "cluster": [[0.27651156104876606], [0.0718711425858292, 0.07010409255135645], [0.05320334070932774, 0.0509966797222802, 0.04457542003809824, 0.044031059733142544], [0.035236764229657054, 0.02977602255362651], [0.02305095707844867, 0.022948753727890264, 0.02105297291453385, 0.02082904966490087, 0.019947207717854278, 0.019172193425606963, 0.01837695319583983, 0.016366526785593253, 0.015713806200224934], [0.012761397614644433, 0.012697595829651841, 0.012565715980600044, 0.01167918841446123, 0.010648142546188785, 0.009903863743820929, 0.00989913642818842, 0.009517163608275151, 0.008823931246876273, 0.008466931918001385, 0.008095336834342328, 0.007681586100828013, 0.007390638583299134, 0.0068674970843751225, 0.0061882014171160135, 0.005931023165383915, 0.00542897854960166, 0.004269102763246063, 0.0037639007790638787, 0.00349572877646456, 0.003489531926713374, 0.0029244626516198857, 0.002923178198742874, 0.0026969359139064667, 0.0025518097902701713, 0.0017821395720223445, 0.0013474596934680628, 0.001311632945582397, 0.0012401358966357089, 0.001120997698067283, 0.0007863858005039922, 0.0007136580148812565, 0.0005016648807498481, 0.00037349858960460385, 0.000368779293346062, 0.00033488737776089913, 0.00032490844833245184, 0.00024118974807048205, 0.0001067909324790059, 4.247366632687733e-05, 0.0, 0.0, 0.0, 0.0, 0.0, 0.0, 0.0, 0.0, 0.0, 0.0, 0.0, 0.0, 0.0, 0.0, 0.0, 0.0, 0.0, 0.0, 0.0, 0.0, 0.0, 0.0, 0.0, 0.0, 0.0, 0.0, 0.0, 0.0, 0.0, 0.0, 0.0, 0.0, 0.0, 0.0, 0.0, 0.0, 0.0, 0.0, 0.0, 0.0, 0.0, 0.0, 0.0, 0.0, 0.0, 0.0, 0.0, 0.0, 0.0, 0.0, 0.0, 0.0]]}, "DC": {"layer": 6, "cluster": [[0.8440366972477065], [0.46788990825688076, 0.44954128440366975], [0.3669724770642202, 0.3669724770642202, 0.3577981651376147, 0.3302752293577982, 0.3302752293577982], [0.27522935779816515, 0.26605504587155965, 0.25688073394495414, 0.25688073394495414, 0.24770642201834864, 0.23853211009174313, 0.23853211009174313, 0.23853211009174313], [0.21100917431192662, 0.2018348623853211, 0.2018348623853211, 0.1834862385321101, 0.1834862385321101, 0.1834862385321101, 0.1743119266055046, 0.1743119266055046, 0.1651376146788991, 0.1559633027522936, 0.1559633027522936, 0.1559633027522936, 0.14678899082568808, 0.14678899082568808, 0.14678899082568808, 0.13761467889908258, 0.11926605504587157, 0.11926605504587157, 0.11926605504587157, 0.11926605504587157, 0.11009174311926606, 0.10091743119266056, 0.10091743119266056, 0.09174311926605505, 0.09174311926605505, 0.08256880733944955, 0.08256880733944955, 0.08256880733944955, 0.08256880733944955, 0.08256880733944955], [0.06422018348623854, 0.06422018348623854, 0.06422018348623854, 0.05504587155963303, 0.045871559633027525, 0.045871559633027525, 0.045871559633027525, 0.045871559633027525, 0.03669724770642202, 0.03669724770642202, 0.03669724770642202, 0.03669724770642202, 0.03669724770642202, 0.03669724770642202, 0.03669724770642202, 0.027522935779816515, 0.027522935779816515, 0.027522935779816515, 0.027522935779816515, 0.027522935779816515, 0.027522935779816515, 0.027522935779816515, 0.027522935779816515, 0.027522935779816515, 0.027522935779816515, 0.027522935779816515, 0.01834862385321101, 0.01834862385321101, 0.01834862385321101, 0.01834862385321101, 0.01834862385321101, 0.01834862385321101, 0.01834862385321101, 0.01834862385321101, 0.01834862385321101, 0.01834862385321101, 0.01834862385321101, 0.01834862385321101, 0.01834862385321101, 0.01834862385321101, 0.01834862385321101, 0.009174311926605505, 0.009174311926605505, 0.009174311926605505, 0.009174311926605505, 0.009174311926605505, 0.009174311926605505, 0.009174311926605505, 0.009174311926605505, 0.009174311926605505, 0.009174311926605505, 0.009174311926605505, 0.009174311926605505, 0.009174311926605505, 0.009174311926605505, 0.009174311926605505, 0.009174311926605505, 0.009174311926605505, 0.009174311926605505, 0.009174311926605505, 0.009174311926605505, 0.009174311926605505, 0.009174311926605505, 0.009174311926605505]]}, "CC": {"layer": 6, "cluster": [[0.5786697247706422], [0.4367318677514281, 0.4340022935779816, 0.4340022935779816, 0.4286442405708461, 0.4274689692390718], [0.4133355176933159, 0.40847274689692387, 0.40847274689692387, 0.4037230637934713, 0.39908256880733944, 0.394547539616347, 0.394547539616347, 0.383648436312028, 0.383648436312028, 0.3815404778707531, 0.3773932987634623, 0.3773932987634623, 0.37535333498636253, 0.37133886081538536, 0.3674093490607252, 0.3654756156446161, 0.3654756156446161, 0.35428758659427073, 0.35248917244912215, 0.35171223544372787, 0.351061472321943, 0.35070892410341953, 0.34997966285533516, 0.3489465677008898, 0.3489465677008898, 0.3454744625496371, 0.34376419293305477, 0.34207077326343377, 0.34207077326343377, 0.3415666901905434, 0.3415666901905434, 0.3403939557474366, 0.33708916006056827, 0.33708916006056827, 0.33708916006056827, 0.3354607100119665, 0.33225055967692374, 0.33225055967692374, 0.32910126527240313, 0.3275489008135711, 0.3244876961330704], [0.31420980530532605, 0.31420980530532605, 0.31160469982295186, 0.3100016382699869, 0.307258260940164, 0.3019146390107698, 0.3019146390107698, 0.29802732606213334, 0.29675370501058573, 0.29176624778351706, 0.28813430279036123, 0.2864752885469074, 0.2857628270472307, 0.2822779145222645, 0.28113508895739703, 0.27776146788990824, 0.2753715951923761, 0.2753715951923761, 0.2723151645979493, 0.2723151645979493, 0.2723151645979493, 0.27019598043765397, 0.26707833450952717, 0.2641110466900856, 0.2641110466900856], [0.2562375165036054, 0.25556068906342816, 0.2515955325089749, 0.2501615195761726, 0.24414388852107569, 0.24083346291401028, 0.24083346291401028, 0.2352512303299107, 0.2352512303299107, 0.2352512303299107, 0.23302136567945325, 0.23224203000828447, 0.23224203000828447, 0.23224203000828447, 0.22992191443246937, 0.20978962831564066, 0.2036374398019855], [0.0, 0.0, 0.0, 0.0, 0.0, 0.0, 0.0, 0.0, 0.0, 0.0, 0.0, 0.0, 0.0, 0.0, 0.0, 0.0, 0.0, 0.0, 0.0, 0.0, 0.0]]}, "E": {"layer": 6,