{"IS": {"layer": 6, "cluster": [[19119773815], [3538318614], [1534672500], [1161838227, 1034233018], [731263220, 665027485], [450597508, 434710578, 354453842, 338990526, 323785886, 276996265, 249805782, 241323412, 210146190, 205955369, 193987600, 182427694, 159766680, 144560690, 141903894, 80819604, 67328863, 56872170, 28229333, 28191639, 27913313, 20604232, 11647310, 10401924, 7656959, 6776216, 6033452, 5650560, 3438679, 2744109, 2575933, 2273610, 2114024, 1947714, 1239051, 590914, 426406, 369499, 289634, 275105, 180000, 126944, 121531, 105335, 100000, 92922, 73628, 58249, 54393, 41749, 34676, 32933, 22001, 20000, 18059, 10769, 10000, 10000, 3648, 3375, 2462, 2183, 2083, 2000, 1358, 1194, 1000, 962, 855, 682, 400, 108, 81, 50, 20, 13, 10, 8, 8, 5, 5, 4, 2, 1, 1, 0, 0, 0, 0, 0, 0, 0, 0, 0, 0, 0, 0, 0, 0, 0, 0, 0, 0, 0, 0, 0, 0]]}, "OS": {"layer": 6, "cluster": [[8331833973], [7851902072], [1853851792], [1453573565, 1365160301], [1167673912, 1074091531, 1032249232, 965386914, 815912632, 785679371, 740377899], [496325801, 429775948, 355252215, 323795970, 298033301, 291789033, 253808928, 239874048, 222230780, 181489699, 178735293, 168987616, 130086445, 122600687, 121056409, 112098850, 92135958, 68704780, 68042523, 65213772, 61879474, 61621270, 34807911, 33772826, 30155018, 22723615, 21913325, 20694064, 17372367, 16323000, 12534916, 11288169, 11273247, 8919342, 8265956, 6635470, 6317574, 4028123, 3774480, 3026091, 2182580, 1978701, 1529025, 1314492, 1066938, 1051904, 897929, 816461, 749529, 716083, 679341, 555972, 551667, 487024, 360221, 356916, 335297, 286501, 266222, 186304, 125471, 108020, 102758, 75500, 63819, 40380, 36827, 24733, 20008, 19444, 18600, 10740, 10000, 1663, 136, 34, 19, 4, 2, 1, 1, 0, 0, 0, 0, 0, 0, 0, 0, 0, 0, 0, 0, 0, 0, 0, 0, 0, 0, 0, 0, 0]]}, "BC": {"layer": 6, "cluster": [[0.25488507509429076], [0.07434387388095084], [0.06000298254898006, 0.056189699683936174, 0.05069675916606158], [0.044194352371607785, 0.041113602453766475, 0.04000861142548915, 0.03312189353662877, 0.027606060352767248], [0.020377498825194264, 0.018804495156070623, 0.01843547454655318, 0.017887989363757534, 0.0177881653666975, 0.016808191166155263, 0.015164488617203455, 0.014910905559461266, 0.014290487917588185, 0.012884479117306016, 0.012837347320165832, 0.012717163237513845, 0.010704360299414028, 0.010009192619878137, 0.009871364783912867, 0.009773454706822504, 0.009683125605378737, 0.009125216884023998, 0.007387653930795524, 0.0072148856800870265, 0.0071240217254012195, 0.006595406415457137, 0.0064529484671140384], [0.004895524847798491, 0.004851005746151505, 0.004319493072695215, 0.0039432713377133095, 0.003386802991519412, 0.0033637984609855664, 0.0032354358443441584, 0.0029653191529446453, 0.002821778908220121, 0.0024873113730955526, 0.002379967948782836, 0.0018322153004334592, 0.0016074247196161495, 0.0009800118760295753, 0.0009361881901993081, 0.0008586323077571373, 0.0005374063883861609, 0.0005152516491370569, 0.00044769861665530034, 0.0003444031474214787, 0.00031944763692551303, 0.00030727966104987194, 0.0002577443158985511, 0.00024149979112052437, 0.00022236770814520503, 3.6214707121786766e-05, 2.915989404611402e-05, 1.2134278490157126e-05, 0.0, 0.0, 0.0, 0.0, 0.0, 0.0, 0.0, 0.0, 0.0, 0.0, 0.0, 0.0, 0.0, 0.0, 0.0, 0.0, 0.0, 0.0, 0.0, 0.0, 0.0, 0.0, 0.0, 0.0, 0.0, 0.0, 0.0, 0.0, 0.0, 0.0, 0.0, 0.0, 0.0, 0.0, 0.0, 0.0, 0.0, 0.0, 0.0, 0.0, 0.0, 0.0, 0.0, 0.0, 0.0, 0.0, 0.0, 0.0, 0.0, 0.0, 0.0, 0.0, 0.0]]}, "DC": {"layer": 6, "cluster": [[0.831858407079646], [0.48672566371681414, 0.4690265486725664], [0.3805309734513274, 0.37168141592920356, 0.36283185840707965, 0.33628318584070793, 0.33628318584070793, 0.3274336283185841, 0.3185840707964602], [0.2743362831858407, 0.2743362831858407, 0.2654867256637168, 0.24778761061946902, 0.23893805309734512, 0.23893805309734512, 0.23008849557522124, 0.23008849557522124, 0.21238938053097345, 0.20353982300884954, 0.20353982300884954], [0.18584070796460178, 0.17699115044247787, 0.17699115044247787, 0.17699115044247787, 0.17699115044247787, 0.16814159292035397, 0.1592920353982301, 0.1592920353982301, 0.1504424778761062, 0.1504424778761062, 0.1504424778761062, 0.1415929203539823, 0.1327433628318584, 0.12389380530973451, 0.11504424778761062, 0.11504424778761062, 0.10619469026548672, 0.10619469026548672, 0.09734513274336283, 0.09734513274336283, 0.08849557522123894, 0.08849557522123894, 0.08849557522123894, 0.07964601769911504, 0.07964601769911504, 0.07964601769911504], [0.061946902654867256, 0.061946902654867256, 0.061946902654867256, 0.05309734513274336, 0.05309734513274336, 0.04424778761061947, 0.04424778761061947, 0.04424778761061947, 0.04424778761061947, 0.04424778761061947, 0.04424778761061947, 0.035398230088495575, 0.035398230088495575, 0.035398230088495575, 0.035398230088495575, 0.02654867256637168, 0.02654867256637168, 0.02654867256637168, 0.02654867256637168, 0.02654867256637168, 0.02654867256637168, 0.02654867256637168, 0.02654867256637168, 0.02654867256637168, 0.02654867256637168, 0.02654867256637168, 0.02654867256637168, 0.017699115044247787, 0.017699115044247787, 0.017699115044247787, 0.017699115044247787, 0.017699115044247787, 0.017699115044247787, 0.017699115044247787, 0.017699115044247787, 0.017699115044247787, 0.017699115044247787, 0.017699115044247787, 0.017699115044247787, 0.017699115044247787, 0.017699115044247787, 0.017699115044247787, 0.017699115044247787, 0.017699115044247787, 0.008849557522123894, 0.008849557522123894, 0.008849557522123894, 0.008849557522123894, 0.008849557522123894, 0.008849557522123894, 0.008849557522123894, 0.008849557522123894, 0.008849557522123894, 0.008849557522123894, 0.008849557522123894, 0.008849557522123894, 0.008849557522123894, 0.008849557522123894, 0.008849557522123894, 0.008849557522123894, 0.008849557522123894, 0.008849557522123894, 0.008849557522123894, 0.008849557522123894, 0.008849557522123894, 0.008849557522123894, 0.008849557522123894]]}, "CC": {"layer": 6, "cluster": [[0.5644205978677443], [0.4424778761061947, 0.4370818044463631, 0.43181575860965987, 0.43181575860965987, 0.42923003550421285, 0.4231788410579471, 0.41675241819304387], [0.40728077232502014, 0.4049797510124494, 0.40270458387193003, 0.4004548375933159, 0.4004548375933159, 0.39602992226079303, 0.3917017263890904, 0.38746711313083, 0.38332307983531305, 0.38332307983531305, 0.3752953713570866, 0.3733407079646018, 0.3733407079646018, 0.3714063001513137, 0.3694918346866162, 0.3657215098428752, 0.36386505547819054, 0.3584070796460177, 0.3566239598467838, 0.3566239598467838, 0.3548584946990274, 0.3489675516224189, 0.3483844412430541, 0.34796803849127933, 0.34731367697017995, 0.34628703347441325, 0.3429732819579117, 0.3413400758533502, 0.33972235037537224, 0.33972235037537224, 0.33811988645850727, 0.33811988645850727, 0.33616140293902735, 0.33616140293902735, 0.33185840707964603, 0.33185840707964603, 0.33185840707964603, 0.33185840707964603, 0.32881383453763097, 0.3273124015032125], [0.3143921751280857, 0.3143921751280857, 0.310309159866682, 0.310309159866682, 0.3092117546021433, 0.30373481325933704, 0.30373481325933704, 0.30245323176879135, 0.29620419805456005, 0.29620419805456005, 0.2925772078743002, 0.2902081616566945, 0.2851485830377742, 0.2851485830377742, 0.28445006321112515, 0.2800055309734513, 0.2800055309734513, 0.2786432921699923, 0.2756977535738598, 0.2756977535738598, 0.27464144034177607, 0.27359319056947917, 0.27242820015133073, 0.27242820015133073, 0.2694790072526449, 0.2694790072526449, 0.26746796988508786, 0.26551878927792744, 0.26551878927792744], [0.25534211094323334, 0.25418941818866503, 0.2532912223646768, 0.2515137401024686, 0.2509698145229725, 0.24265955576393367, 0.24265955576393367, 0.24265955576393367, 0.2405416641919582, 0.23973717702074765, 0.23973717702074765, 0.23973717702074765, 0.22972785530002496, 0.21461501775210642, 0.2019194814907142], [0.008849557522123894, 0.0, 0.0, 0.0, 0.0, 0.0, 0.0, 0.0, 0.0, 0.0, 0.0, 0.0, 0.0, 0.0, 0.0, 0.0, 0.0, 0.0, 0.0, 0.0, 0.0, 0.0]]},