{"IS": {"layer": 6, "cluster": [[21271780904], [4727510512], [1951877486], [1247162950, 1136496170], [596736858, 464042817, 459622166, 446013597, 395756732, 301573455, 269731515, 246195294, 234859136], [187306476, 177058940, 164597271, 129094511, 114061791, 108954905, 84135902, 64103356, 41255026, 30300920, 30186023, 18360643, 16563530, 14207578, 6751014, 6694131, 5856675, 4611417, 4017872, 3785267, 3568599, 637605, 479965, 301769, 281812, 242296, 161006, 109973, 70611, 51819, 50826, 40140, 39184, 24276, 20737, 20000, 19944, 17000, 9910, 9220, 8565, 8023, 7037, 6203, 5492, 4000, 2866, 2430, 2197, 1762, 1214, 1126, 830, 800, 637, 253, 253, 200, 153, 126, 81, 65, 26, 12, 7, 6, 4, 2, 0, 0, 0, 0, 0, 0, 0, 0, 0, 0, 0, 0, 0, 0, 0, 0, 0, 0, 0, 0, 0, 0, 0, 0, 0, 0]]}, "OS": {"layer": 6, "cluster": [[11850717629], [6458378337], [1822703892], [1471457308, 1459609616, 1300090000], [1152450850, 1063079519, 948509517, 925273823, 889536261, 743334073, 667092328, 581167161], [311877386, 294593490, 287368000, 266615118, 253701139, 202308605, 164587721, 163128400, 160823650, 155726962, 134408476, 127144662, 123718000, 120593000, 104459780, 93310660, 85402421, 74923346, 64864193, 63535262, 58692489, 46175077, 44906005, 31254252, 28889374, 27913070, 23224351, 18724424, 14604808, 11099850, 9262180, 8048700, 6540240, 6235968, 4934376, 4418825, 3979035, 3853793, 3415598, 3153573, 2771490, 2751551, 2436230, 2276416, 2139965, 1468801, 1237708, 1214380, 942197, 910817, 766750, 441456, 404095, 301175, 264705, 250998, 213416, 181120, 174726, 157578, 123000, 109485, 53278, 36324, 16420, 6469, 5381, 580, 430, 135, 105, 67, 51, 25, 3, 1, 1, 0, 0, 0, 0, 0, 0, 0, 0, 0, 0, 0, 0, 0, 0, 0, 0, 0]]}, "BC": {"layer": 6, "cluster": [[0.2661595871084985], [0.08353194527675398], [0.07259045994347485, 0.0678567853009932, 0.067561943322102, 0.06042726655325279], [0.04181902356019643, 0.035099341940886104, 0.033627339365283906, 0.03200829066328414, 0.0310068757457068], [0.0252973439206026, 0.024837713116105758, 0.018906965030107026, 0.01885112870124263, 0.01860342576416775, 0.017232316253199074, 0.01691993259383786, 0.014279555162125793, 0.012418139409503244, 0.011907621072671327, 0.01183334898515612, 0.011682272093041568, 0.010963705406075634, 0.010471145360702134, 0.008074567282923523, 0.008047791577579353, 0.00799999690639047, 0.00729949824465783], [0.005198436147498456, 0.00476234317800937, 0.003930842374108942, 0.003601769438785265, 0.0035828217201587403, 0.003204884816151305, 0.0027185060271214204, 0.002521685724163241, 0.002464520240381269, 0.001435298724412901, 0.0011426473465796332, 0.0010294992141227375, 0.0009746684671741981, 0.0008839426331802407, 0.0006343188542095261, 0.0005367967263887683, 0.00041531774912131116, 0.0004137229666236895, 0.00039874604720777714, 0.00025953920769649914, 0.00024830769849285104, 0.0002458878774784259, 0.00022159390358794963, 0.00013739493328631048, 0.0001139648883070004, 7.706402313312818e-05, 3.306295186034209e-05, 1.7633574325515784e-05, 0.0, 0.0, 0.0, 0.0, 0.0, 0.0, 0.0, 0.0, 0.0, 0.0, 0.0, 0.0, 0.0, 0.0, 0.0, 0.0, 0.0, 0.0, 0.0, 0.0, 0.0, 0.0, 0.0, 0.0, 0.0, 0.0, 0.0, 0.0, 0.0, 0.0, 0.0, 0.0, 0.0, 0.0, 0.0, 0.0, 0.0, 0.0, 0.0, 0.0, 0.0, 0.0, 0.0, 0.0, 0.0, 0.0, 0.0, 0.0, 0.0, 0.0, 0.0]]}, "DC": {"layer": 6, "cluster": [[0.7383177570093458], [0.411214953271028, 0.3925233644859813, 0.35514018691588783], [0.308411214953271, 0.29906542056074764, 0.29906542056074764, 0.2803738317757009, 0.2803738317757009, 0.2803738317757009], [0.24299065420560745, 0.23364485981308408, 0.21495327102803738, 0.205607476635514, 0.205607476635514, 0.19626168224299065, 0.18691588785046728, 0.18691588785046728, 0.17757009345794392, 0.17757009345794392, 0.17757009345794392, 0.17757009345794392, 0.16822429906542055, 0.1588785046728972, 0.1588785046728972], [0.1308411214953271, 0.1308411214953271, 0.12149532710280372, 0.12149532710280372, 0.12149532710280372, 0.11214953271028036, 0.11214953271028036, 0.102803738317757, 0.102803738317757, 0.102803738317757, 0.102803738317757, 0.09345794392523364, 0.08411214953271028], [0.07476635514018691, 0.06542056074766354, 0.06542056074766354, 0.06542056074766354, 0.05607476635514018, 0.05607476635514018, 0.05607476635514018, 0.05607476635514018, 0.05607476635514018, 0.05607476635514018, 0.04672897196261682, 0.04672897196261682, 0.04672897196261682, 0.037383177570093455, 0.037383177570093455, 0.037383177570093455, 0.037383177570093455, 0.037383177570093455, 0.037383177570093455, 0.037383177570093455, 0.037383177570093455, 0.02803738317757009, 0.02803738317757009, 0.02803738317757009, 0.02803738317757009, 0.02803738317757009, 0.02803738317757009, 0.02803738317757009, 0.02803738317757009, 0.02803738317757009, 0.02803738317757009, 0.02803738317757009, 0.02803738317757009, 0.018691588785046728, 0.018691588785046728, 0.018691588785046728, 0.018691588785046728, 0.018691588785046728, 0.018691588785046728, 0.018691588785046728, 0.018691588785046728, 0.018691588785046728, 0.018691588785046728, 0.018691588785046728, 0.018691588785046728, 0.018691588785046728, 0.018691588785046728, 0.009345794392523364, 0.009345794392523364, 0.009345794392523364, 0.009345794392523364, 0.009345794392523364, 0.009345794392523364, 0.009345794392523364, 0.009345794392523364, 0.009345794392523364, 0.009345794392523364, 0.009345794392523364, 0.009345794392523364, 0.009345794392523364, 0.009345794392523364, 0.009345794392523364, 0.009345794392523364, 0.009345794392523364, 0.009345794392523364, 0.009345794392523364, 0.009345794392523364, 0.009345794392523364, 0.009345794392523364, 0.009345794392523364]]}, "CC": {"layer": 6, "cluster": [[0.5868289502282112], [0.4532990094577201, 0.44012171267115846, 0.43011894647408666, 0.41823720762121136, 0.41593920098592996, 0.41366630917726366, 0.41366630917726366, 0.4069942719324691, 0.40053404539385845, 0.3942757009345794], [0.3823279524214103, 0.3823279524214103, 0.37850467289719625, 0.3766215650718371, 0.37475710187841216, 0.3657049979683055, 0.3639468008626887, 0.3622054286097572, 0.3604806408544726, 0.35996522495109756, 0.3537426849506507, 0.35339051764605467, 0.3488522330849735, 0.3472519934836663, 0.3472519934836663, 0.3472519934836663, 0.34409515717926936, 0.34409515717926936, 0.3425381655178247, 0.33944089194949995, 0.3379506008010681, 0.33644859813084116, 0.33495988751964273, 0.33495988751964273, 0.3334842933014945, 0.3320216428922774, 0.329134498171475, 0.32489671493321565], [0.3180711536951229, 0.31674031204786296, 0.31411176174041183, 0.3115264797507788, 0.3064815165159484, 0.3064815165159484, 0.30524570394935185, 0.29803517550960335, 0.29426814967485165, 0.291157440690151, 0.2900418949403803, 0.2900418949403803, 0.2889348648070201, 0.2878362531537614, 0.28674596431605776, 0.2856639040733556, 0.28458997962195204, 0.2845313358988455, 0.2824544648338904, 0.28141611367821284, 0.28141611367821284, 0.2803738317757009, 0.2803738317757009, 0.2783122594832325, 0.2772928006572866, 0.2772928006572866, 0.2734718140087844, 0.2734718140087844, 0.2734718140087844, 0.2703604806408545, 0.26504288823454103, 0.26504288823454103, 0.26504288823454103, 0.2619409501018659, 0.25711801782221255, 0.24805295950155765, 0.24569055036344753, 0.24491304862179106, 0.24419656315948146, 0.23079553225438798], [0.21505947323704333, 0.2143837212312631], [0.009345794392523364, 0.0, 0.0, 0.0, 0.0, 0.0, 0.0, 0.0, 0.0, 0.0, 0.0, 0.0, 0.0, 0.0, 0.0, 0.0, 0.0, 0.0, 0.0, 0.0, 0.0, 0.0, 0.0, 0.0, 0.0, 0.0, 0.0]]}, "E": {"layer": 6,