{"IS": {"layer": 6, "cluster": [[21270680904], [4727510512], [1951877486], [1247162950, 1133920890], [596736858, 464042817, 459622166, 446013597, 395756732, 301400163, 269731515, 246195294, 234859136], [187306476, 177058940, 164597271, 129094511, 114061791, 108954905, 84135902, 64103356, 41254964, 30300920, 30186023, 18360492, 16563530, 14207578, 6751014, 6694131, 5856675, 4611417, 4017872, 3785267, 3568599, 637605, 479965, 301769, 280244, 242296, 161006, 109973, 69236, 51819, 50826, 40140, 39184, 24276, 20737, 20000, 17000, 9910, 9172, 8565, 8023, 7028, 6203, 5492, 4000, 2866, 2197, 1762, 1214, 1124, 830, 800, 637, 430, 253, 253, 200, 153, 126, 81, 65, 26, 12, 7, 4, 2, 0, 0, 0, 0, 0, 0, 0, 0, 0, 0, 0, 0, 0, 0, 0, 0, 0, 0, 0, 0, 0, 0, 0, 0, 0, 0]]}, "OS": {"layer": 6, "cluster": [[11850717388], [6458378321], [1822703889], [1471457308, 1459609587, 1300090000], [1152450850, 1063079519, 948509517, 925271629, 889536255, 743333799, 667092328, 581167161], [311877386, 294593490, 287368000, 266615054, 253701139, 202308605, 164587686, 163128400, 160823650, 155726962, 134408476, 127144662, 123718000, 120593000, 104459780, 93310660, 85402415, 74923314, 64864162, 63535262, 58692489, 46175077, 44906005, 31254252, 28889374, 27913070, 23224351, 18724424, 14604808, 11099850, 9262180, 8048700, 6540240, 6235711, 4934353, 4418825, 3979035, 3415598, 3153573, 2771490, 2751551, 2436230, 2276416, 2139965, 1468801, 1237672, 1214380, 942197, 910800, 766750, 441456, 404095, 301174, 264705, 245323, 213416, 181120, 174726, 157578, 123000, 98485, 53278, 36324, 16420, 6469, 5381, 580, 430, 135, 105, 67, 51, 25, 1, 0, 0, 0, 0, 0, 0, 0, 0, 0, 0, 0, 0, 0, 0, 0, 0, 0, 0]]}, "BC": {"layer": 6, "cluster": [[0.27805628842774704], [0.08423192747892098, 0.07813306448492789], [0.0695954545972034, 0.06837560437810108], [0.044768730062796754, 0.0427784693504492, 0.042481717124981035, 0.03871588827723695, 0.03340935725433148], [0.025946728128716956, 0.025732151446437156, 0.0203734833667095, 0.01997163854171945, 0.01942077556760828, 0.017909021478266986, 0.01784365687387524, 0.014926739926739927, 0.014835164835164835, 0.014102564102564103, 0.01294148055052012, 0.01234197519184591, 0.011690442186361758, 0.011386420213798331, 0.011293432151653352, 0.009706994415731016, 0.009311715168702873, 0.009022889407783417, 0.008034429021271126], [0.0056488672731910905, 0.00510091053467531, 0.004239674148867934, 0.0039009549406754203, 0.0029348030435900146, 0.002348429530326581, 0.0023187204560107975, 0.001659988030095283, 0.0014302943604137767, 0.0011159150530677176, 0.0007264637446036929, 0.0006349206349206349, 0.0005729867306036233, 0.0005354189969574586, 0.00045061750418893274, 0.0003738351849615586, 0.0003597956276527705, 0.0002725411561618459, 0.00026467036469834016, 0.00014352215245072388, 0.00011836902593205115, 8.0042138312815e-05, 7.413221698935986e-05, 5.05202080832333e-05, 3.434065934065934e-05, 1.8315018315018315e-05, 0.0, 0.0, 0.0, 0.0, 0.0, 0.0, 0.0, 0.0, 0.0, 0.0, 0.0, 0.0, 0.0, 0.0, 0.0, 0.0, 0.0, 0.0, 0.0, 0.0, 0.0, 0.0, 0.0, 0.0, 0.0, 0.0, 0.0, 0.0, 0.0, 0.0, 0.0, 0.0, 0.0, 0.0, 0.0, 0.0, 0.0, 0.0, 0.0, 0.0, 0.0, 0.0, 0.0, 0.0, 0.0, 0.0, 0.0, 0.0, 0.0, 0.0, 0.0]]}, "DC": {"layer": 6, "cluster": [[0.7333333333333334], [0.4190476190476191, 0.380952380952381, 0.3523809523809524], [0.3047619047619048, 0.29523809523809524, 0.28571428571428575, 0.28571428571428575, 0.2761904761904762, 0.24761904761904763, 0.2285714285714286], [0.20952380952380956, 0.2, 0.1904761904761905, 0.1904761904761905, 0.18095238095238098, 0.18095238095238098, 0.18095238095238098, 0.17142857142857143, 0.17142857142857143, 0.1619047619047619, 0.1619047619047619, 0.1619047619047619, 0.1619047619047619], [0.13333333333333336, 0.13333333333333336, 0.12380952380952381, 0.12380952380952381, 0.12380952380952381, 0.1142857142857143, 0.10476190476190478, 0.09523809523809525, 0.09523809523809525, 0.09523809523809525, 0.09523809523809525, 0.09523809523809525, 0.08571428571428572, 0.0761904761904762], [0.05714285714285715, 0.05714285714285715, 0.05714285714285715, 0.05714285714285715, 0.05714285714285715, 0.05714285714285715, 0.05714285714285715, 0.05714285714285715, 0.04761904761904762, 0.04761904761904762, 0.04761904761904762, 0.04761904761904762, 0.0380952380952381, 0.0380952380952381, 0.0380952380952381, 0.0380952380952381, 0.0380952380952381, 0.0380952380952381, 0.0380952380952381, 0.028571428571428574, 0.028571428571428574, 0.028571428571428574, 0.028571428571428574, 0.028571428571428574, 0.028571428571428574, 0.028571428571428574, 0.028571428571428574, 0.028571428571428574, 0.028571428571428574, 0.028571428571428574, 0.028571428571428574, 0.01904761904761905, 0.01904761904761905, 0.01904761904761905, 0.01904761904761905, 0.01904761904761905, 0.01904761904761905, 0.01904761904761905, 0.01904761904761905, 0.01904761904761905, 0.01904761904761905, 0.01904761904761905, 0.01904761904761905, 0.01904761904761905, 0.01904761904761905, 0.009523809523809525, 0.009523809523809525, 0.009523809523809525, 0.009523809523809525, 0.009523809523809525, 0.009523809523809525, 0.009523809523809525, 0.009523809523809525, 0.009523809523809525, 0.009523809523809525, 0.009523809523809525, 0.009523809523809525, 0.009523809523809525, 0.009523809523809525, 0.009523809523809525, 0.009523809523809525, 0.009523809523809525, 0.009523809523809525, 0.009523809523809525, 0.009523809523809525, 0.009523809523809525, 0.009523809523809525, 0.009523809523809525]]}, "CC": {"layer": 6, "cluster": [[0.581336405529954], [0.4533692722371968, 0.4395470383275262, 0.4290816326530613, 0.41668042939719246, 0.4027134876296888, 0.4004761904761905, 0.3982636148382005, 0.3960753532182104], [0.38343465045592706, 0.3793984962406015, 0.3793984962406015, 0.37544642857142857, 0.3715758468335788, 0.3659173313995649, 0.36223977027997134, 0.36042857142857143, 0.35863539445629, 0.3568599717114569, 0.35629169542213024, 0.34993065187239947, 0.3495373504852178, 0.34788858939802336, 0.34326530612244904, 0.34326530612244904, 0.34326530612244904, 0.34002695417789763, 0.34002695417789763, 0.3384305835010061, 0.3352380952380953, 0.33373015873015877, 0.3306684141546527, 0.3306684141546527, 0.32915851272015656, 0.3247104247104247, 0.3203809523809524], [0.313416149068323, 0.3120593692022264, 0.3107142857142857, 0.3093807480073575, 0.3003571428571429, 0.3003571428571429, 0.2991108476585655, 0.297874852420307, 0.2966490299823633, 0.29266817838246406, 0.28950086058519797, 0.28492377188029366, 0.28492377188029366, 0.28268907563025214, 0.28268907563025214, 0.2825761722313447, 0.28158482142857144, 0.2794019933554817, 0.2794019933554817, 0.27832322118036407, 0.27832322118036407, 0.27622614588906724, 0.2751363140676118, 0.27099892588614394, 0.27099892588614394, 0.2672187715665976, 0.2672187715665976, 0.2672187715665976, 0.2640502354788069, 0.26246398915438063, 0.25878028404344194, 0.25878028404344194, 0.2556231003039514, 0.25431855500821016, 0.2520479520479521, 0.2450245214364816, 0.24260651629072683, 0.2319257262653489, 0.23104395604395606, 0.21254288458899412, 0.21077694235588976, 0.192742551566081], [0.1567080745341615], [0.009523809523809525, 0.0, 0.0, 0.0, 0.0, 0.0, 0.0, 0.0, 0.0, 0.0, 0.0, 0.0, 0.0, 0.0, 0.0, 0.0, 0.0, 0.0, 0.0, 0.0, 0.0, 0.0, 0.0, 0.0, 0.0, 0.0, 0.0]]}, "E": {"layer": 6,