{"IS": {"layer": 6, "cluster": [[21271780904], [4727510512], [1951877486], [1247162950, 1136496170], [596736858, 464042817, 459622166, 446013597, 395756732, 301573455, 269731515, 246195294, 234859136], [187306476, 177058940, 164597271, 129094511, 114061791, 108954905, 84135902, 64103356, 41255026, 30300920, 30186023, 18360643, 16563530, 14207578, 6751014, 6694131, 5856675, 4611417, 4017872, 3785267, 3568599, 637605, 479965, 301769, 281812, 242296, 161006, 109973, 70611, 51819, 50826, 40140, 39184, 24276, 20737, 20000, 19944, 17000, 9910, 9220, 8565, 8023, 7037, 6203, 5492, 4000, 2866, 2430, 2197, 1762, 1214, 1126, 830, 800, 637, 253, 253, 200, 153, 126, 81, 65, 26, 12, 7, 6, 4, 2, 0, 0, 0, 0, 0, 0, 0, 0, 0, 0, 0, 0, 0, 0, 0, 0, 0, 0, 0, 0, 0, 0, 0, 0, 0, 0, 0, 0]]}, "OS": {"layer": 6, "cluster": [[11850717629], [6458378337], [1822703892], [1471457308, 1459609616, 1300090000], [1152450850, 1063079519, 948509517, 925273823, 889536261, 743334073, 667092328, 581167161], [311877386, 294593490, 287368000, 266615118, 253701139, 202308605, 164587721, 163128400, 160823650, 155726962, 134408476, 127144662, 123718000, 120593000, 104459780, 93310660, 85402421, 74923346, 64864193, 63535262, 58692489, 46175077, 44906005, 31254252, 28889374, 27913070, 23224351, 18724424, 14604808, 11099850, 9262180, 8048700, 6540240, 6235968, 4934376, 4418825, 3979035, 3853793, 3415598, 3153573, 2771490, 2751551, 2436230, 2276416, 2139965, 1468801, 1237708, 1214380, 942197, 910817, 766750, 441456, 404095, 301175, 264705, 250998, 213416, 181120, 174726, 157578, 123000, 109485, 53278, 36324, 16420, 6469, 5381, 580, 430, 135, 105, 67, 51, 25, 3, 1, 1, 0, 0, 0, 0, 0, 0, 0, 0, 0, 0, 0, 0, 0, 0, 0, 0, 0, 0, 0]]}, "BC": {"layer": 6, "cluster": [[0.25155693737626494], [0.09457594627958898], [0.07308821063112124, 0.0702892025835277, 0.06636775164676652, 0.06239316211328157], [0.04109665453341914], [0.0343329412186159, 0.031853873653088, 0.0299680945048077, 0.028592430643004815, 0.0267060271314363, 0.02497819729917079], [0.020317003368335775, 0.018810389271251875, 0.017179306126549568, 0.01646058646523149, 0.01513180596067956, 0.012353216255480201, 0.011497341874369531, 0.011278436800862898, 0.011227732315981832, 0.010493023253335544, 0.009517736577471275, 0.008933334996649427, 0.008395307731529057, 0.007732175974927975, 0.007699059916185298, 0.0076233503137046596, 0.007425832769869468, 0.006124913326057311, 0.004874574306276651, 0.004771022247328101, 0.003867662516550206, 0.0038410065754723916, 0.003363814098444812, 0.003069280127129261, 0.0027631821181300763, 0.0026690271938544096, 0.002259249336942031, 0.0009949347467454665, 0.00096905762243839, 0.0009497277272506632, 0.0008880672850261705, 0.0007825609170768595, 0.0006819383093593084, 0.0006282256696374944, 0.0004420730467456498, 0.00032367994906221207, 0.00028174198663495306, 0.0002255716354849892, 0.00021720391677202663, 0.00018553576147867687, 0.00013926044879288078, 0.00010702996177002294, 7.402553274112905e-05, 3.1855249745158005e-05, 1.6989466530750937e-05, 0.0, 0.0, 0.0, 0.0, 0.0, 0.0, 0.0, 0.0, 0.0, 0.0, 0.0, 0.0, 0.0, 0.0, 0.0, 0.0, 0.0, 0.0, 0.0, 0.0, 0.0, 0.0, 0.0, 0.0, 0.0, 0.0, 0.0, 0.0, 0.0, 0.0, 0.0, 0.0, 0.0, 0.0, 0.0, 0.0, 0.0, 0.0, 0.0, 0.0, 0.0, 0.0, 0.0, 0.0, 0.0, 0.0, 0.0, 0.0, 0.0, 0.0, 0.0, 0.0]]}, "DC": {"layer": 6, "cluster": [[0.7339449541284404], [0.42201834862385323, 0.42201834862385323, 0.3669724770642202], [0.30275229357798167, 0.30275229357798167, 0.29357798165137616, 0.28440366972477066, 0.28440366972477066, 0.27522935779816515, 0.25688073394495414], [0.22935779816513763, 0.21100917431192662, 0.21100917431192662, 0.2018348623853211, 0.2018348623853211, 0.1926605504587156, 0.1834862385321101, 0.1834862385321101, 0.1834862385321101, 0.1743119266055046, 0.1743119266055046, 0.1743119266055046, 0.1743119266055046, 0.1559633027522936], [0.12844036697247707, 0.12844036697247707, 0.11926605504587157, 0.11926605504587157, 0.11926605504587157, 0.11926605504587157, 0.11009174311926606, 0.11009174311926606, 0.10091743119266056, 0.10091743119266056, 0.10091743119266056, 0.09174311926605505, 0.09174311926605505], [0.07339449541284404, 0.06422018348623854, 0.06422018348623854, 0.06422018348623854, 0.06422018348623854, 0.05504587155963303, 0.05504587155963303, 0.05504587155963303, 0.05504587155963303, 0.05504587155963303, 0.05504587155963303, 0.045871559633027525, 0.045871559633027525, 0.045871559633027525, 0.03669724770642202, 0.03669724770642202, 0.03669724770642202, 0.03669724770642202, 0.03669724770642202, 0.03669724770642202, 0.03669724770642202, 0.027522935779816515, 0.027522935779816515, 0.027522935779816515, 0.027522935779816515, 0.027522935779816515, 0.027522935779816515, 0.027522935779816515, 0.027522935779816515, 0.027522935779816515, 0.027522935779816515, 0.027522935779816515, 0.027522935779816515, 0.027522935779816515, 0.027522935779816515, 0.01834862385321101, 0.01834862385321101, 0.01834862385321101, 0.01834862385321101, 0.01834862385321101, 0.01834862385321101, 0.01834862385321101, 0.01834862385321101, 0.01834862385321101, 0.01834862385321101, 0.01834862385321101, 0.01834862385321101, 0.009174311926605505, 0.009174311926605505, 0.009174311926605505, 0.009174311926605505, 0.009174311926605505, 0.009174311926605505, 0.009174311926605505, 0.009174311926605505, 0.009174311926605505, 0.009174311926605505, 0.009174311926605505, 0.009174311926605505, 0.009174311926605505, 0.009174311926605505, 0.009174311926605505, 0.009174311926605505, 0.009174311926605505, 0.009174311926605505, 0.009174311926605505, 0.009174311926605505, 0.009174311926605505, 0.009174311926605505, 0.009174311926605505, 0.009174311926605505, 0.009174311926605505]]}, "CC": {"layer": 6, "cluster": [[0.5760614465542991], [0.4476622084668951, 0.4449815964401473, 0.4270800379626701, 0.42222685571309426], [0.41284403669724773, 0.41284403669724773, 0.406076101669424, 0.3995264871263688, 0.3931847968545216, 0.3931847968545216, 0.38704128440366975, 0.3772179015507847, 0.37531276063386154, 0.37531276063386154, 0.3734267668618321, 0.3678808247797257, 0.36606860396800295, 0.3607375077937116, 0.35899481451934584, 0.3572688779110798, 0.3550115750664494, 0.35052795568634243, 0.35052795568634243, 0.35052795568634243, 0.3472519934836663, 0.3469062879644757, 0.3424512746797446, 0.3408803972729569, 0.3408803972729569, 0.3408803972729569, 0.3377814845704754, 0.3362530615633692, 0.33473840813290356, 0.33473840813290356, 0.3332373390381372, 0.3332126187027201, 0.3273653154427515, 0.3273653154427515], [0.31488104493857877, 0.31355243293461854, 0.31355243293461854, 0.3083482431763676, 0.30707407688225036, 0.304557076252068, 0.3033139861449167, 0.30085800245143557, 0.29561275122264663, 0.2925666401791519, 0.2858151023288638, 0.28472002530844676, 0.28472002530844676, 0.2834793920306723, 0.2825548540133254, 0.2825548540133254, 0.2825548540133254, 0.28148457047539616, 0.28042236454907393, 0.2803412437794103, 0.27832182249252657, 0.27728330822949476, 0.27727181410299334, 0.2762525152620989, 0.2762525152620989, 0.2762525152620989, 0.27220485936082267, 0.2713302752293578, 0.2684539825590819, 0.2684539825590819, 0.2684539825590819, 0.2684539825590819, 0.2684539825590819, 0.2665700949621761, 0.26539973787680216, 0.2619740588421386, 0.2619740588421386, 0.25892657353834353, 0.25840978593272174], [0.24606598213743244, 0.24272356889527216, 0.2265607518460506, 0.21111342785654713, 0.21103465851172273, 0.1786344389555399], [0.009174311926605505, 0.0, 0.0, 0.0, 0.0, 0.0, 0.0, 0.0, 0.0, 0.0, 0.0, 0.0, 0.0, 0.0, 0.0, 0.0, 0.0, 0.0, 0.0, 0.0, 0.0, 0.0, 0.0, 0.0, 0.0, 0.0]]}, "E": {"layer": 6,